condition,level,branch,alpha,dwell,structural_reset,reset_applied_here,Q,r,phi,B,polarization,mean_opinion,n_edges,n_bridges
baseline,0,up,0.0,20,False,False,0.09968750000000001,0.46293317280055274,0.41025641025641024,1.0,0.04482911354190526,-0.0035107804297089843,240,96
baseline,1,up,0.05,20,False,False,0.09968750000000001,0.4293406211706257,0.41025641025641024,1.0,0.0791786477303824,-0.004166574472781223,240,96
baseline,2,up,0.1,20,False,False,0.09968750000000001,0.4275066084765786,0.41025641025641024,1.0,0.12296215942251813,-0.005629612583549326,240,96
baseline,3,up,0.15000000000000002,20,False,False,0.09968750000000001,0.4266353279319082,0.41025641025641024,1.0,0.171233126677742,-0.007413806392701529,240,96
baseline,4,up,0.2,20,False,False,0.09968750000000001,0.4219491734574412,0.41025641025641024,1.0,0.22149737683069218,-0.00903899168392057,240,96
baseline,5,up,0.25,20,False,False,0.09968750000000001,0.4134172108327199,0.41025641025641024,1.0,0.2721932881800262,-0.010201156206207405,240,96
baseline,6,up,0.30000000000000004,20,False,False,0.09968750000000001,0.4018311283655217,0.41025641025641024,1.0,0.32230382034323835,-0.01078229073804512,240,96
baseline,7,up,0.35000000000000003,20,False,False,0.09968750000000001,0.3880332806237643,0.41025641025641024,1.0,0.3712663433325015,-0.010769871795156396,240,96
baseline,8,up,0.4,20,False,False,0.09968750000000001,0.37275516598811775,0.41025641025641024,1.0,0.41881844062124485,-0.010195575720609518,240,96
baseline,9,up,0.45,20,False,False,0.09968750000000001,0.35665351545918145,0.41025641025641024,1.0,0.466007612907927,-0.009150277245921674,240,96
baseline,10,up,0.5,20,False,False,0.09968750000000001,0.3403850419628801,0.41025641025641024,1.0,0.5125486603536102,-0.007831410593296043,240,96
baseline,11,up,0.55,20,False,False,0.10802083333333337,0.3467925968620799,0.4017094017094017,0.9791666666666666,0.5609073346865461,-0.006619577351163549,240,94
baseline,12,up,0.6000000000000001,20,False,False,0.1413541666666667,0.4162504110020384,0.36752136752136755,0.8958333333333334,0.6181786985025229,-0.005585081376114603,240,86
baseline,13,up,0.65,20,False,False,0.1913541666666667,0.5138508143439544,0.3162393162393162,0.7708333333333334,0.67849596309194,-0.00492424389540681,240,74
baseline,14,up,0.7000000000000001,20,False,False,0.25802083333333337,0.6365769205990032,0.24786324786324787,0.6041666666666666,0.7414336552438943,-0.0029410887705414225,240,58
baseline,15,up,0.75,20,False,False,0.3330208333333333,0.7571108676946683,0.17094017094017094,0.4166666666666667,0.8005623908457252,-0.0017852686336529255,240,40
baseline,16,up,0.8,20,False,False,0.4330208333333334,0.9079366189443602,0.06837606837606838,0.16666666666666666,0.8561912158906143,-0.000712401977292404,240,16
baseline,17,up,0.8500000000000001,20,False,False,0.49135416666666665,0.9862270575058545,0.008547008547008548,0.020833333333333332,0.9011031116644471,0.0014238393882314126,240,2
baseline,18,up,0.9,20,False,False,0.49135416666666665,0.984903684294564,0.008547008547008548,0.020833333333333332,0.9162352402195644,0.0011048110593314397,240,2
baseline,19,up,0.9500000000000001,20,False,False,0.49135416666666665,0.9841257867361883,0.008547008547008548,0.020833333333333332,0.925868388986214,0.0005813748265820706,240,2
baseline,20,up,1.0,20,False,False,0.49135416666666665,0.9833767905214645,0.008547008547008548,0.020833333333333332,0.934399404108588,3.8699509254655484e-05,240,2
baseline,21,down,0.95,20,False,False,0.49135416666666665,0.9840238014147039,0.008547008547008548,0.020833333333333332,0.9272138442876653,0.0005104734728259841,240,2
baseline,22,down,0.9,20,False,False,0.49135416666666665,0.9847484445834499,0.008547008547008548,0.020833333333333332,0.9183886699570379,0.0010468610373880582,240,2
baseline,23,down,0.85,20,False,False,0.49135416666666665,0.9854643467904833,0.008547008547008548,0.020833333333333332,0.9087546493407951,0.0015853400561557762,240,2
baseline,24,down,0.8,20,False,False,0.49135416666666665,0.9861671844049612,0.008547008547008548,0.020833333333333332,0.898277657860775,0.0021223265815867587,240,2
baseline,25,down,0.75,20,False,False,0.49135416666666665,0.9868578659743523,0.008547008547008548,0.020833333333333332,0.886844240139933,0.0026581130014793316,240,2
baseline,26,down,0.7,20,False,False,0.49135416666666665,0.9875375647704646,0.008547008547008548,0.020833333333333332,0.874312820387716,0.0031932404944500143,240,2
baseline,27,down,0.6499999999999999,20,False,False,0.49135416666666665,0.9882073972860006,0.008547008547008548,0.020833333333333332,0.8605121954453626,0.0037282371830767184,240,2
baseline,28,down,0.6,20,False,False,0.49135416666666665,0.9888683881031601,0.008547008547008548,0.020833333333333332,0.8452342264298238,0.004263540489081957,240,2
baseline,29,down,0.55,20,False,False,0.49135416666666665,0.9895214245438531,0.008547008547008548,0.020833333333333332,0.8282237291131643,0.004799353590984423,240,2
baseline,30,down,0.5,20,False,False,0.49135416666666665,0.9901671572189178,0.008547008547008548,0.020833333333333332,0.8091649664556334,0.005335338420859334,240,2
baseline,31,down,0.44999999999999996,20,False,False,0.49135416666666665,0.99080580039785,0.008547008547008548,0.020833333333333332,0.7876634953851024,0.005869979206195444,240,2
baseline,32,down,0.3999999999999999,20,False,False,0.49135416666666665,0.9914367582379852,0.008547008547008548,0.020833333333333332,0.763221567161797,0.006399300737613189,240,2
baseline,33,down,0.35,20,False,False,0.49135416666666665,0.9920579737100355,0.008547008547008548,0.020833333333333332,0.7352045180825355,0.006914375671262368,240,2
baseline,34,down,0.29999999999999993,20,False,False,0.49135416666666665,0.9926649162518459,0.008547008547008548,0.020833333333333332,0.702794448250019,0.007396747609103532,240,2
baseline,35,down,0.25,20,False,False,0.49135416666666665,0.9932493360572526,0.008547008547008548,0.020833333333333332,0.6649256886231767,0.00781088387660848,240,2
baseline,36,down,0.19999999999999996,20,False,False,0.49135416666666665,0.9937985565781282,0.008547008547008548,0.020833333333333332,0.620193899627425,0.008094142871113225,240,2
baseline,37,down,0.1499999999999999,20,False,False,0.49135416666666665,0.9942970680862243,0.008547008547008548,0.020833333333333332,0.5667292481341775,0.008148999346778471,240,2
baseline,38,down,0.09999999999999998,20,False,False,0.49135416666666665,0.9947321482780116,0.008547008547008548,0.020833333333333332,0.5030422680785958,0.007847850779366705,240,2
baseline,39,down,0.04999999999999993,20,False,False,0.49135416666666665,0.9951024113078891,0.008547008547008548,0.020833333333333332,0.42462851895027215,0.007059880242703641,240,2
baseline,40,down,0.0,20,False,False,0.49135416666666665,0.9954250411974093,0.008547008547008548,0.020833333333333332,0.327671046430448,0.005702045935771227,240,2
slow,0,up,0.0,80,False,False,0.09968750000000001,0.4628420079378097,0.41025641025641024,1.0,0.04482300013828022,-0.003512863336660445,240,96
slow,1,up,0.05,80,False,False,0.09968750000000001,0.4624527374132091,0.41025641025641024,1.0,0.08815259703833264,-0.006213973326863407,240,96
slow,2,up,0.1,80,False,False,0.09968750000000001,0.4591022629149664,0.41025641025641024,1.0,0.13545455070972068,-0.00906383216762758,240,96
slow,3,up,0.15000000000000002,80,False,False,0.09968750000000001,0.4512367543452706,0.41025641025641024,1.0,0.18477556094437425,-0.01108144664494467,240,96
slow,4,up,0.2,80,False,False,0.09968750000000001,0.4398182424906905,0.41025641025641024,1.0,0.2346200499664583,-0.01216548022476444,240,96
slow,5,up,0.25,80,False,False,0.09968750000000001,0.4258201248384077,0.41025641025641024,1.0,0.2839826589058271,-0.012541064487433484,240,96
slow,6,up,0.30000000000000004,80,False,False,0.09968750000000001,0.4100107627574567,0.41025641025641024,1.0,0.33224737291736595,-0.0123420001015353,240,96
slow,7,up,0.35000000000000003,80,False,False,0.09968750000000001,0.3929424273791918,0.41025641025641024,1.0,0.3798325033969829,-0.01157053777805542,240,96
slow,8,up,0.4,80,False,False,0.09968750000000001,0.37516131491101623,0.41025641025641024,1.0,0.42605489734522806,-0.01028292729340087,240,96
slow,9,up,0.45,80,False,False,0.09968750000000001,0.3574569869310523,0.41025641025641024,1.0,0.4723242939084196,-0.008764907537480725,240,96
slow,10,up,0.5,80,False,False,0.09968750000000001,0.3404749598605209,0.41025641025641024,1.0,0.5182347806327636,-0.00732980324596616,240,96
slow,11,up,0.55,80,False,False,0.15802083333333336,0.47844650588978876,0.3504273504273504,0.8541666666666666,0.5935834334747933,-0.0070334337577001695,240,82
slow,12,up,0.6000000000000001,80,False,False,0.2913541666666667,0.7384078988919116,0.21367521367521367,0.5208333333333334,0.7002900175593669,-0.003587880048130071,240,50
slow,13,up,0.65,80,False,False,0.48302083333333334,0.9830435119633806,0.017094017094017096,0.041666666666666664,0.8316590575587239,0.0020073046659845662,240,4
slow,14,up,0.7000000000000001,80,False,False,0.49135416666666665,0.9913874381412655,0.008547008547008548,0.020833333333333332,0.8722178830921319,0.004105701190304867,240,2
slow,15,up,0.75,80,False,False,0.49135416666666665,0.9901891887424583,0.008547008547008548,0.020833333333333332,0.8850684964429437,0.003407738118967865,240,2
slow,16,up,0.8,80,False,False,0.49135416666666665,0.9889484913446935,0.008547008547008548,0.020833333333333332,0.8967644275267782,0.0027304741175099454,240,2
slow,17,up,0.8500000000000001,80,False,False,0.49135416666666665,0.9876521706979828,0.008547008547008548,0.020833333333333332,0.9074809313282639,0.002059591679113823,240,2
slow,18,up,0.9,80,False,False,0.49135416666666665,0.9862890138565766,0.008547008547008548,0.020833333333333332,0.9173546762888318,0.0013850985764649409,240,2
slow,19,up,0.9500000000000001,80,False,False,0.49135416666666665,0.9848490534732032,0.008547008547008548,0.020833333333333332,0.9264982365388803,0.0007001954646514597,240,2
slow,20,up,1.0,80,False,False,0.49135416666666665,0.9833229402795823,0.008547008547008548,0.020833333333333332,0.935005319496933,1.3627465950127871e-08,240,2
slow,21,down,0.95,80,False,False,0.49135416666666665,0.9848490011365597,0.008547008547008548,0.020833333333333332,0.9264987568711284,0.0007001694944690801,240,2
slow,22,down,0.9,80,False,False,0.49135416666666665,0.986288967996748,0.008547008547008548,0.020833333333333332,0.9173555539578698,0.001385070329023161,240,2
slow,23,down,0.85,80,False,False,0.49135416666666665,0.9876521296946088,0.008547008547008548,0.020833333333333332,0.9074824382263149,0.0020595539023235436,240,2
slow,24,down,0.8,80,False,False,0.49135416666666665,0.9889484521486118,0.008547008547008548,0.020833333333333332,0.8967670441601324,0.0027304096941605403,240,2
slow,25,down,0.75,80,False,False,0.49135416666666665,0.990189140743246,0.008547008547008548,0.020833333333333332,0.8850730773435569,0.0034076012677958234,240,2
slow,26,down,0.7,80,False,False,0.49135416666666665,0.9913877392416093,0.008547008547008548,0.020833333333333332,0.8722331499738019,0.0041066123490318355,240,2
slow,27,down,0.6499999999999999,80,False,False,0.49135416666666665,0.9925623586246244,0.008547008547008548,0.020833333333333332,0.8580382396659569,0.004853359207587926,240,2
slow,28,down,0.6,80,False,False,0.49135416666666665,0.9937410570950759,0.008547008547008548,0.020833333333333332,0.8422203655886532,0.005696202112995169,240,2
slow,29,down,0.55,80,False,False,0.49135416666666665,0.9949783665330891,0.008547008547008548,0.020833333333333332,0.824416388974966,0.006743124459529843,240,2
slow,30,down,0.5,80,False,False,0.49135416666666665,0.9964266239853278,0.008547008547008548,0.020833333333333332,0.8045647000516712,0.008329478631838421,240,2
slow,31,down,0.44999999999999996,80,False,False,0.49135416666666665,0.9985762598033973,0.008547008547008548,0.020833333333333332,0.7871560771709893,0.01200572906781815,240,2
slow,32,down,0.3999999999999999,80,False,False,0.49135416666666665,0.9996796362373626,0.008547008547008548,0.020833333333333332,0.7661089616886338,0.015461517665508937,240,2
slow,33,down,0.35,80,False,False,0.49135416666666665,0.9997058722920761,0.008547008547008548,0.020833333333333332,0.7367788551444161,0.014945296588893398,240,2
slow,34,down,0.29999999999999993,80,False,False,0.49135416666666665,0.9996805936222274,0.008547008547008548,0.020833333333333332,0.7013943269448356,0.013909787211422242,240,2
slow,35,down,0.25,80,False,False,0.49135416666666665,0.999650957580881,0.008547008547008548,0.020833333333333332,0.6585735896702414,0.012688593759413187,240,2
slow,36,down,0.19999999999999996,80,False,False,0.49135416666666665,0.9996193609310736,0.008547008547008548,0.020833333333333332,0.6058377943581625,0.011259786424296332,240,2
slow,37,down,0.1499999999999999,80,False,False,0.49135416666666665,0.9995880089386006,0.008547008547008548,0.020833333333333332,0.539566768740399,0.009581777033129932,240,2
slow,38,down,0.09999999999999998,80,False,False,0.49135416666666665,0.9995607325456338,0.008547008547008548,0.020833333333333332,0.45453023048414964,0.007609808090724947,240,2
slow,39,down,0.04999999999999993,80,False,False,0.49135416666666665,0.9995450554288494,0.008547008547008548,0.020833333333333332,0.34386853154144126,0.005327847341230746,240,2
slow,40,down,0.0,80,False,False,0.49135416666666665,0.9995619342278216,0.008547008547008548,0.020833333333333332,0.20289097186097,0.0028645843893655375,240,2
topology reset,0,up,0.0,20,True,False,0.09968750000000001,0.46293317280055274,0.41025641025641024,1.0,0.04482911354190526,-0.0035107804297089843,240,96
topology reset,1,up,0.05,20,True,False,0.09968750000000001,0.4293406211706257,0.41025641025641024,1.0,0.0791786477303824,-0.004166574472781223,240,96
topology reset,2,up,0.1,20,True,False,0.09968750000000001,0.4275066084765786,0.41025641025641024,1.0,0.12296215942251813,-0.005629612583549326,240,96
topology reset,3,up,0.15000000000000002,20,True,False,0.09968750000000001,0.4266353279319082,0.41025641025641024,1.0,0.171233126677742,-0.007413806392701529,240,96
topology reset,4,up,0.2,20,True,False,0.09968750000000001,0.4219491734574412,0.41025641025641024,1.0,0.22149737683069218,-0.00903899168392057,240,96
topology reset,5,up,0.25,20,True,False,0.09968750000000001,0.4134172108327199,0.41025641025641024,1.0,0.2721932881800262,-0.010201156206207405,240,96
topology reset,6,up,0.30000000000000004,20,True,False,0.09968750000000001,0.4018311283655217,0.41025641025641024,1.0,0.32230382034323835,-0.01078229073804512,240,96
topology reset,7,up,0.35000000000000003,20,True,False,0.09968750000000001,0.3880332806237643,0.41025641025641024,1.0,0.3712663433325015,-0.010769871795156396,240,96
topology reset,8,up,0.4,20,True,False,0.09968750000000001,0.37275516598811775,0.41025641025641024,1.0,0.41881844062124485,-0.010195575720609518,240,96
topology reset,9,up,0.45,20,True,False,0.09968750000000001,0.35665351545918145,0.41025641025641024,1.0,0.466007612907927,-0.009150277245921674,240,96
topology reset,10,up,0.5,20,True,False,0.09968750000000001,0.3403850419628801,0.41025641025641024,1.0,0.5125486603536102,-0.007831410593296043,240,96
topology reset,11,up,0.55,20,True,False,0.10802083333333337,0.3467925968620799,0.4017094017094017,0.9791666666666666,0.5609073346865461,-0.006619577351163549,240,94
topology reset,12,up,0.6000000000000001,20,True,False,0.1413541666666667,0.4162504110020384,0.36752136752136755,0.8958333333333334,0.6181786985025229,-0.005585081376114603,240,86
topology reset,13,up,0.65,20,True,False,0.1913541666666667,0.5138508143439544,0.3162393162393162,0.7708333333333334,0.67849596309194,-0.00492424389540681,240,74
topology reset,14,up,0.7000000000000001,20,True,False,0.25802083333333337,0.6365769205990032,0.24786324786324787,0.6041666666666666,0.7414336552438943,-0.0029410887705414225,240,58
topology reset,15,up,0.75,20,True,False,0.3330208333333333,0.7571108676946683,0.17094017094017094,0.4166666666666667,0.8005623908457252,-0.0017852686336529255,240,40
topology reset,16,up,0.8,20,True,False,0.4330208333333334,0.9079366189443602,0.06837606837606838,0.16666666666666666,0.8561912158906143,-0.000712401977292404,240,16
topology reset,17,up,0.8500000000000001,20,True,False,0.49135416666666665,0.9862270575058545,0.008547008547008548,0.020833333333333332,0.9011031116644471,0.0014238393882314126,240,2
topology reset,18,up,0.9,20,True,False,0.49135416666666665,0.984903684294564,0.008547008547008548,0.020833333333333332,0.9162352402195644,0.0011048110593314397,240,2
topology reset,19,up,0.9500000000000001,20,True,False,0.49135416666666665,0.9841257867361883,0.008547008547008548,0.020833333333333332,0.925868388986214,0.0005813748265820706,240,2
topology reset,20,up,1.0,20,True,False,0.49135416666666665,0.9833767905214645,0.008547008547008548,0.020833333333333332,0.934399404108588,3.8699509254655484e-05,240,2
topology reset,21,down,0.95,20,True,False,0.49135416666666665,0.9840238014147039,0.008547008547008548,0.020833333333333332,0.9272138442876653,0.0005104734728259841,240,2
topology reset,22,down,0.9,20,True,False,0.49135416666666665,0.9847484445834499,0.008547008547008548,0.020833333333333332,0.9183886699570379,0.0010468610373880582,240,2
topology reset,23,down,0.85,20,True,False,0.49135416666666665,0.9854643467904833,0.008547008547008548,0.020833333333333332,0.9087546493407951,0.0015853400561557762,240,2
topology reset,24,down,0.8,20,True,False,0.49135416666666665,0.9861671844049612,0.008547008547008548,0.020833333333333332,0.898277657860775,0.0021223265815867587,240,2
topology reset,25,down,0.75,20,True,False,0.49135416666666665,0.9868578659743523,0.008547008547008548,0.020833333333333332,0.886844240139933,0.0026581130014793316,240,2
topology reset,26,down,0.7,20,True,False,0.49135416666666665,0.9875375647704646,0.008547008547008548,0.020833333333333332,0.874312820387716,0.0031932404944500143,240,2
topology reset,27,down,0.6499999999999999,20,True,False,0.49135416666666665,0.9882073972860006,0.008547008547008548,0.020833333333333332,0.8605121954453626,0.0037282371830767184,240,2
topology reset,28,down,0.6,20,True,False,0.49135416666666665,0.9888683881031601,0.008547008547008548,0.020833333333333332,0.8452342264298238,0.004263540489081957,240,2
topology reset,29,down,0.55,20,True,False,0.49135416666666665,0.9895214245438531,0.008547008547008548,0.020833333333333332,0.8282237291131643,0.004799353590984423,240,2
topology reset,30,down,0.5,20,True,True,0.09968750000000001,0.3338834259686477,0.41025641025641024,1.0,0.546835190258047,-0.004758172340543323,240,96
topology reset,31,down,0.44999999999999996,20,True,False,0.09968750000000001,0.35705886371859086,0.41025641025641024,1.0,0.4806928555691484,-0.007603543070530408,240,96
topology reset,32,down,0.3999999999999999,20,True,False,0.09968750000000001,0.37528691256398733,0.41025641025641024,1.0,0.4322922560295132,-0.009354319999754926,240,96
topology reset,33,down,0.35,20,True,False,0.09968750000000001,0.39407718598768254,0.41025641025641024,1.0,0.3867024551845399,-0.010846105613487195,240,96
topology reset,34,down,0.29999999999999993,20,True,False,0.09968750000000001,0.4132785138664113,0.41025641025641024,1.0,0.3403884150192179,-0.012092480959519196,240,96
topology reset,35,down,0.25,20,True,False,0.09968750000000001,0.4323524161160583,0.41025641025641024,1.0,0.29371266738066576,-0.01294325757861382,240,96
topology reset,36,down,0.19999999999999996,20,True,False,0.09968750000000001,0.4508696563847591,0.41025641025641024,1.0,0.24589897924556708,-0.01329093108461211,240,96
topology reset,37,down,0.1499999999999999,20,True,False,0.09968750000000001,0.4686786437564097,0.41025641025641024,1.0,0.19741017023113608,-0.013104129805557429,240,96
topology reset,38,down,0.09999999999999998,20,True,False,0.09968750000000001,0.4860564536966505,0.41025641025641024,1.0,0.14924060475834156,-0.012352008304242011,240,96
topology reset,39,down,0.04999999999999993,20,True,False,0.09968750000000001,0.5045321966534031,0.41025641025641024,1.0,0.10216135701234252,-0.010940134757512788,240,96
topology reset,40,down,0.0,20,True,False,0.09968750000000001,0.5314621134828007,0.41025641025641024,1.0,0.05744491479544598,-0.008759152461553324,240,96
