seed,regime,metric,signed_area,absolute_area,max_absolute_gap,gap_at_alpha_0
20270824,no rewiring,Q,0.0,0.0,0.0,0.0
20270824,no rewiring,r_x,0.007899177079525085,0.008181114051146233,0.04868159131065808,0.028148832839784588
20270824,no rewiring,phi,0.0,0.0,0.0,0.0
20270824,no rewiring,P,0.004910482665311641,0.004910482665311641,0.012673047533318021,0.006649762383764857
20270824,fast reversible,Q,0.12749999999999997,0.12749999999999997,0.3916666666666666,0.0
20270824,fast reversible,r_x,0.23053299750945977,0.23053669849023714,0.6495036141657919,0.05517148077831213
20270824,fast reversible,phi,-0.13076923076923075,0.13076923076923075,0.40170940170940167,0.0
20270824,fast reversible,P,0.09740741143131947,0.09744175764262075,0.29381330711284614,0.008124620679345357
20270824,"fast reversible, slow ramp",Q,0.05708333333333333,0.05708333333333333,0.3916666666666666,0.0
20270824,"fast reversible, slow ramp",r_x,0.08893191468522246,0.10087474502307704,0.6458369217721991,-0.026077089857576674
20270824,"fast reversible, slow ramp",phi,-0.05854700854700856,0.05854700854700856,0.40170940170940167,0.0
20270824,"fast reversible, slow ramp",P,0.04241634244671181,0.04328597003257927,0.2903263849000969,0.00014200297909576498
20270824,slow reversible,Q,0.19604166666666667,0.19604166666666667,0.3916666666666666,0.09166666666666667
20270824,slow reversible,r_x,0.3046149674511823,0.30463635234281183,0.6483971788021363,0.0964724288708686
20270824,slow reversible,phi,-0.20106837606837608,0.20106837606837608,0.40170940170940167,-0.09401709401709402
20270824,slow reversible,P,0.14552803659601476,0.1455614615402936,0.3221133712412637,0.02029233770044972
20270824,"slow reversible, slow ramp",Q,0.10083333333333333,0.10083333333333333,0.3916666666666666,0.0
20270824,"slow reversible, slow ramp",r_x,0.15914357481411312,0.16782679296892153,0.6464761578053825,-0.00832385104958383
20270824,"slow reversible, slow ramp",phi,-0.10341880341880343,0.10341880341880343,0.40170940170940167,0.0
20270824,"slow reversible, slow ramp",P,0.07776340210945241,0.07835266338592482,0.29390486434038826,0.0008232805477089364
20270824,one-way boundary,Q,0.2754166666666666,0.2754166666666666,0.3999999999999999,0.3999999999999999
20270824,one-way boundary,r_x,0.4228834862488297,0.42288402970023803,0.6621811786833298,0.541250276084667
20270824,one-way boundary,phi,-0.2824786324786325,0.2824786324786325,0.41025641025641024,-0.41025641025641024
20270824,one-way boundary,P,0.2288413842263519,0.2288776122724115,0.3993425470788451,0.24739950747045414
20270824,slow reversible + graph reset,Q,0.05624999999999999,0.05624999999999999,0.3749999999999999,0.0
20270824,slow reversible + graph reset,r_x,0.10555801467359213,0.10557939956522172,0.6329802397119508,0.02814883278193825
20270824,slow reversible + graph reset,phi,-0.057692307692307696,0.057692307692307696,0.3846153846153846,0.0
20270824,slow reversible + graph reset,P,0.04227035085001282,0.04230377579429168,0.2641787226125256,0.006649759795608917
20270825,no rewiring,Q,0.0,0.0,0.0,0.0
20270825,no rewiring,r_x,0.006062671632088446,0.00663587196673152,0.04818293311039762,0.04818293311039762
20270825,no rewiring,phi,0.0,0.0,0.0,0.0
20270825,no rewiring,P,0.0042889040462686994,0.0042889040462686994,0.010754345662845527,0.0025246801096085875
20270825,fast reversible,Q,0.1466666666666667,0.1466666666666667,0.4000000000000001,0.0
20270825,fast reversible,r_x,0.276604753682868,0.2766056774800634,0.7000467784833202,0.07400995333267374
20270825,fast reversible,phi,-0.15172413793103448,0.15172413793103448,0.41379310344827586,0.0
20270825,fast reversible,P,0.11037602484364825,0.11037602484364825,0.3056606573895757,0.005607912892440878
20270825,"fast reversible, slow ramp",Q,0.050833333333333355,0.050833333333333355,0.39166666666666666,0.0
20270825,"fast reversible, slow ramp",r_x,0.10454613132096624,0.10458813712101149,0.6862950336032583,0.020557025225216186
20270825,"fast reversible, slow ramp",phi,-0.05258620689655174,0.05258620689655174,0.4051724137931034,0.0
20270825,"fast reversible, slow ramp",P,0.04179666647733725,0.041820332427537,0.29276363104024317,0.0030053459684430545
20270825,slow reversible,Q,0.21562500000000007,0.21562500000000007,0.4000000000000001,0.09166666666666667
20270825,slow reversible,r_x,0.37520697879105896,0.37520838731072564,0.7000500424464942,0.23337221749997022
20270825,slow reversible,phi,-0.22306034482758622,0.22306034482758622,0.41379310344827586,-0.09482758620689652
20270825,slow reversible,P,0.16564709364597655,0.16564709364597655,0.3536252311175793,0.0207879373859981
20270825,"slow reversible, slow ramp",Q,0.11208333333333334,0.11208333333333334,0.39166666666666666,0.0
20270825,"slow reversible, slow ramp",r_x,0.1970318722795589,0.1970493444206276,0.6861981733397867,0.03661096376661871
20270825,"slow reversible, slow ramp",phi,-0.11594827586206899,0.11594827586206899,0.4051724137931034,0.0
20270825,"slow reversible, slow ramp",P,0.0864235689969186,0.08644775410982576,0.29289488941603936,0.0037591907199766433
20270825,one-way boundary,Q,0.2658333333333334,0.2658333333333334,0.4000000000000001,0.4000000000000001
20270825,one-way boundary,r_x,0.44250075605489253,0.44250174745606924,0.700045508791739,0.6411643829142659
20270825,one-way boundary,phi,-0.275,0.275,0.41379310344827586,-0.41379310344827586
20270825,one-way boundary,P,0.22751504090410768,0.2275316349373606,0.404472470244316,0.2512865241940009
20270825,slow reversible + graph reset,Q,0.07125000000000002,0.07125000000000002,0.36666666666666675,0.0
20270825,slow reversible + graph reset,r_x,0.1349115676700435,0.13501454776687277,0.6553377806413047,0.04818293306244181
20270825,slow reversible + graph reset,phi,-0.07370689655172415,0.07370689655172415,0.3793103448275862,0.0
20270825,slow reversible + graph reset,P,0.048174059690363195,0.048174059690363195,0.2633682535242583,0.0025246803503743073
20270826,no rewiring,Q,0.0,0.0,0.0,0.0
20270826,no rewiring,r_x,0.005211902863842642,0.006101237554741095,0.034011887137867014,0.034011887137867014
20270826,no rewiring,phi,0.0,0.0,0.0,0.0
20270826,no rewiring,P,0.005119191806968239,0.005119191806968239,0.011382423808987796,0.005083206464407304
20270826,fast reversible,Q,0.13041666666666668,0.13041666666666668,0.39166666666666666,0.0
20270826,fast reversible,r_x,0.22758661239900738,0.22817770769781448,0.6574898866630862,0.05363756740291875
20270826,fast reversible,phi,-0.13151260504201678,0.13151260504201678,0.3949579831932773,0.0
20270826,fast reversible,P,0.09498520861208613,0.09498520861208613,0.29587136253197244,0.003769004133908016
20270826,"fast reversible, slow ramp",Q,0.055416666666666684,0.055416666666666684,0.4,0.0
20270826,"fast reversible, slow ramp",r_x,0.09430882757277946,0.09479083466086827,0.6714789764147581,-0.0075432537232005825
20270826,"fast reversible, slow ramp",phi,-0.05588235294117649,0.05588235294117649,0.40336134453781514,0.0
20270826,"fast reversible, slow ramp",P,0.04007499914774307,0.04067789435916441,0.29015736931771674,0.002294283884976024
20270826,slow reversible,Q,0.20708333333333337,0.20708333333333337,0.4,0.0
20270826,slow reversible,r_x,0.34191223600398224,0.34191477500866524,0.6709314238343744,0.07237865023219764
20270826,slow reversible,phi,-0.2088235294117647,0.2088235294117647,0.40336134453781514,0.0
20270826,slow reversible,P,0.1511538061611942,0.1511538061611942,0.32056197633036454,0.012760900687642629
20270826,"slow reversible, slow ramp",Q,0.10541666666666669,0.10541666666666669,0.4,0.0
20270826,"slow reversible, slow ramp",r_x,0.15833442184275703,0.18303530341114507,0.6714807744330847,-0.06017575688694027
20270826,"slow reversible, slow ramp",phi,-0.10630252100840337,0.10630252100840337,0.40336134453781514,0.0
20270826,"slow reversible, slow ramp",P,0.07694763942968122,0.08030181011473393,0.3155068956179428,-8.392659012171344e-05
20270826,one-way boundary,Q,0.2766666666666667,0.2766666666666667,0.4,0.4
20270826,one-way boundary,r_x,0.44061218937031765,0.4406166430579995,0.6709318399700679,0.5966064969981111
20270826,one-way boundary,phi,-0.27899159663865547,0.27899159663865547,0.40336134453781514,-0.40336134453781514
20270826,one-way boundary,P,0.2262208966226434,0.2262208966226434,0.3945762113463007,0.24643818909279844
20270826,slow reversible + graph reset,Q,0.07166666666666668,0.07166666666666668,0.38333333333333336,0.0
20270826,slow reversible + graph reset,r_x,0.13056572963811097,0.1306211231885495,0.6526493388689029,0.03401188719074594
20270826,slow reversible + graph reset,phi,-0.07226890756302523,0.07226890756302523,0.3865546218487395,0.0
20270826,slow reversible + graph reset,P,0.048145447211819854,0.048145447211819854,0.26098938404931216,0.005083206468373375
20270827,no rewiring,Q,0.0,0.0,0.0,0.0
20270827,no rewiring,r_x,0.006016665828678415,0.006706185980059621,0.052310884161557436,0.052310884161557436
20270827,no rewiring,phi,0.0,0.0,0.0,0.0
20270827,no rewiring,P,0.004769988581955866,0.004769988581955866,0.011366168589498293,0.003213948831186475
20270827,fast reversible,Q,0.13000000000000003,0.13000000000000003,0.3916666666666667,0.0
20270827,fast reversible,r_x,0.22791748091417766,0.2279221287760891,0.6539081138672498,0.06043406215524999
20270827,fast reversible,phi,-0.1392857142857143,0.1392857142857143,0.4196428571428571,0.0
20270827,fast reversible,P,0.09484203222771981,0.09484203222771981,0.28575869118333885,0.002969050473776852
20270827,"fast reversible, slow ramp",Q,0.04791666666666669,0.04791666666666669,0.3916666666666667,0.0
20270827,"fast reversible, slow ramp",r_x,0.08311973477251283,0.08388281544296367,0.6532109354696619,-0.004431591458104123
20270827,"fast reversible, slow ramp",phi,-0.05133928571428573,0.05133928571428573,0.4196428571428571,0.0
20270827,"fast reversible, slow ramp",P,0.031061578187481845,0.03716357291015815,0.27749714890231125,3.0490229796314994e-05
20270827,slow reversible,Q,0.2116666666666667,0.2116666666666667,0.3916666666666667,0.16666666666666669
20270827,slow reversible,r_x,0.33493371969726177,0.3349436596155776,0.6540689556915815,0.24677846256331742
20270827,slow reversible,phi,-0.22678571428571426,0.22678571428571426,0.4196428571428571,-0.17857142857142855
20270827,slow reversible,P,0.15599176165932094,0.15599176165932094,0.3178905649611603,0.03623338022651313
20270827,"slow reversible, slow ramp",Q,0.09125000000000001,0.09125000000000001,0.4,0.0
20270827,"slow reversible, slow ramp",r_x,0.14532735832282823,0.1469942190663963,0.6662212569194369,-0.013745844813394414
20270827,"slow reversible, slow ramp",phi,-0.09776785714285716,0.09776785714285716,0.42857142857142855,0.0
20270827,"slow reversible, slow ramp",P,0.0648338272060913,0.06588595987067832,0.2860761845313533,0.0007621857019712644
20270827,one-way boundary,Q,0.26583333333333337,0.26583333333333337,0.4,0.4
20270827,one-way boundary,r_x,0.415089365288468,0.41508962491013884,0.6670002425684445,0.568018849257699
20270827,one-way boundary,phi,-0.2848214285714286,0.2848214285714286,0.42857142857142855,-0.42857142857142855
20270827,one-way boundary,P,0.21870279336747905,0.21870279336747905,0.3925780605854048,0.23966997444257557
20270827,slow reversible + graph reset,Q,0.05166666666666669,0.05166666666666669,0.3583333333333334,0.0
20270827,slow reversible + graph reset,r_x,0.09506763720629195,0.09519610659206525,0.6105832978008686,0.05231088408005635
20270827,slow reversible + graph reset,phi,-0.05535714285714286,0.05535714285714286,0.3839285714285714,0.0
20270827,slow reversible + graph reset,P,0.037949197571402284,0.037949197571402284,0.24188707081339267,0.0032139469373235474
20270828,no rewiring,Q,0.0,0.0,0.0,0.0
20270828,no rewiring,r_x,0.005082444753724235,0.005516557816672143,0.023476555888425954,0.013246383880966106
20270828,no rewiring,phi,0.0,0.0,0.0,0.0
20270828,no rewiring,P,0.0049704670496050095,0.0049790476897003,0.013801237039477665,0.00249026752441614
20270828,fast reversible,Q,0.12291666666666667,0.12291666666666667,0.4,0.0
20270828,fast reversible,r_x,0.1875205524397104,0.2068844966102144,0.6436451112279907,-0.029863028607735098
20270828,fast reversible,phi,-0.12394957983193279,0.12394957983193279,0.40336134453781514,0.0
20270828,fast reversible,P,0.09220573750628565,0.09232522277080607,0.29651600659071287,-0.0008069243586425606
20270828,"fast reversible, slow ramp",Q,0.05458333333333335,0.05458333333333335,0.39166666666666666,0.0
20270828,"fast reversible, slow ramp",r_x,0.07240227392539726,0.10523860532649429,0.63040956203033,-0.013814347668796079
20270828,"fast reversible, slow ramp",phi,-0.0550420168067227,0.0550420168067227,0.3949579831932773,0.0
20270828,"fast reversible, slow ramp",P,0.03731648952970135,0.042959853164823814,0.2820611118628066,-0.0013315974019226726
20270828,slow reversible,Q,0.2522916666666667,0.2522916666666667,0.4,0.20833333333333337
20270828,slow reversible,r_x,0.38332118163828294,0.3833231598874473,0.6436413113039656,0.2831297264756649
20270828,slow reversible,phi,-0.25441176470588234,0.25441176470588234,0.40336134453781514,-0.21008403361344538
20270828,slow reversible,P,0.1968074754619037,0.1968859381970451,0.37882609313509547,0.05809069357683877
20270828,"slow reversible, slow ramp",Q,0.11125000000000002,0.11125000000000002,0.4,0.0
20270828,"slow reversible, slow ramp",r_x,0.17077767922231293,0.1740547526969248,0.6436538678420234,0.005038439109421311
20270828,"slow reversible, slow ramp",phi,-0.11218487394957985,0.11218487394957985,0.40336134453781514,0.0
20270828,"slow reversible, slow ramp",P,0.08202351241376428,0.08249737565043765,0.290714838972855,-5.4201337259120186e-05
20270828,one-way boundary,Q,0.2660416666666666,0.2660416666666666,0.39166666666666666,0.39166666666666666
20270828,one-way boundary,r_x,0.40222277882061214,0.4022531567327338,0.6315098814306938,0.5294056338280086
20270828,one-way boundary,phi,-0.26827731092436974,0.26827731092436974,0.3949579831932773,-0.3949579831932773
20270828,one-way boundary,P,0.21475867776263888,0.2148344703513669,0.3777309057214223,0.22325956317597584
20270828,slow reversible + graph reset,Q,0.0675,0.0675,0.375,0.0
20270828,slow reversible + graph reset,r_x,0.12076067719662743,0.12076265544579183,0.6290194129108742,0.013246383504457837
20270828,slow reversible + graph reset,phi,-0.06806722689075631,0.06806722689075631,0.37815126050420167,0.0
20270828,slow reversible + graph reset,P,0.047259891535799584,0.047338354270941005,0.2622124553058507,0.0024902672224457884
20270829,no rewiring,Q,0.0,0.0,0.0,0.0
20270829,no rewiring,r_x,0.0066417889488955256,0.007217654035617271,0.054889711852505796,0.054889711852505796
20270829,no rewiring,phi,0.0,0.0,0.0,0.0
20270829,no rewiring,P,0.004925133360377562,0.004925133360377562,0.012382401749338343,0.002883629828551025
20270829,fast reversible,Q,0.13375,0.13375,0.3916666666666666,0.0
20270829,fast reversible,r_x,0.22425871147260418,0.22837078861912455,0.6468622547424887,0.010980820179857076
20270829,fast reversible,phi,-0.13717948717948716,0.13717948717948716,0.40170940170940167,0.0
20270829,fast reversible,P,0.09767101090393264,0.09767101090393264,0.29427756334899313,0.003375428852103221
20270829,"fast reversible, slow ramp",Q,0.05375000000000001,0.05375000000000001,0.3916666666666666,0.0
20270829,"fast reversible, slow ramp",r_x,0.07671407438435111,0.1007670297084871,0.6457506845883211,-0.027590697950330756
20270829,"fast reversible, slow ramp",phi,-0.05512820512820514,0.05512820512820514,0.40170940170940167,0.0
20270829,"fast reversible, slow ramp",P,0.04259458774957165,0.043140224750825525,0.2917258514157828,0.000703277329871993
20270829,slow reversible,Q,0.2064583333333333,0.2064583333333333,0.3999999999999999,0.09166666666666667
20270829,slow reversible,r_x,0.3255109284434047,0.3255142063794169,0.6588280371526621,0.1669356894995468
20270829,slow reversible,phi,-0.21175213675213675,0.21175213675213675,0.41025641025641024,-0.09401709401709402
20270829,slow reversible,P,0.1571115785769823,0.1571115785769823,0.34646592799784315,0.02333566459535292
20270829,"slow reversible, slow ramp",Q,0.10708333333333334,0.10708333333333334,0.3999999999999999,0.0
20270829,"slow reversible, slow ramp",r_x,0.17621588119786868,0.1762204029637217,0.6592567248929864,0.03332408541909626
20270829,"slow reversible, slow ramp",phi,-0.10982905982905984,0.10982905982905984,0.41025641025641024,0.0
20270829,"slow reversible, slow ramp",P,0.08430488399355926,0.08485750135021472,0.30277423306819673,0.0029817859961430715
20270829,one-way boundary,Q,0.27333333333333326,0.27333333333333326,0.3999999999999999,0.3999999999999999
20270829,one-way boundary,r_x,0.42228800819987694,0.4222910974318713,0.6588261197057126,0.5662505066915815
20270829,one-way boundary,phi,-0.28034188034188035,0.28034188034188035,0.41025641025641024,-0.41025641025641024
20270829,one-way boundary,P,0.22897499173672858,0.22897499173672858,0.4031555279934802,0.24674838419166853
20270829,slow reversible + graph reset,Q,0.05916666666666665,0.05916666666666665,0.3583333333333333,0.0
20270829,slow reversible + graph reset,r_x,0.10786874411288883,0.1078948668387055,0.598822253694423,0.05488971169933343
20270829,slow reversible + graph reset,phi,-0.06068376068376069,0.06068376068376069,0.36752136752136755,0.0
20270829,slow reversible + graph reset,P,0.04425247775456634,0.04425247775456634,0.26370876674818855,0.0028836277135141364
20270830,no rewiring,Q,0.0,0.0,0.0,0.0
20270830,no rewiring,r_x,0.005729737682451599,0.006268324272106038,0.03430974584601393,0.032888398913555494
20270830,no rewiring,phi,0.0,0.0,0.0,0.0
20270830,no rewiring,P,0.004856997143832781,0.004899486033276896,0.011946659684658079,0.005353438262605079
20270830,fast reversible,Q,0.10833333333333336,0.10833333333333336,0.39166666666666666,0.0
20270830,fast reversible,r_x,0.19709201001703147,0.19709351863360663,0.651736790598386,0.0678952966874104
20270830,fast reversible,phi,-0.11304347826086955,0.11304347826086955,0.408695652173913,0.0
20270830,fast reversible,P,0.08549262293969147,0.08563854883738334,0.2899065110940503,0.005943913278039462
20270830,"fast reversible, slow ramp",Q,0.07125000000000002,0.07125000000000002,0.4,0.0
20270830,"fast reversible, slow ramp",r_x,0.11844077827284347,0.12098525693741559,0.666522700145117,0.012046328601852896
20270830,"fast reversible, slow ramp",phi,-0.07434782608695653,0.07434782608695653,0.41739130434782606,0.0
20270830,"fast reversible, slow ramp",P,0.051582134016215295,0.05259104122862334,0.2937266350954564,-0.0016530433536808345
20270830,slow reversible,Q,0.21916666666666665,0.21916666666666665,0.38333333333333325,0.08333333333333331
20270830,slow reversible,r_x,0.35494766476259293,0.35497328298814984,0.6537692351908844,0.10542639350633248
20270830,slow reversible,phi,-0.22869565217391302,0.22869565217391302,0.39999999999999997,-0.08695652173913043
20270830,slow reversible,P,0.16260839516096193,0.16275170596077795,0.31208400372740946,0.030759150174303737
20270830,"slow reversible, slow ramp",Q,0.09875000000000002,0.09875000000000002,0.39166666666666666,0.0
20270830,"slow reversible, slow ramp",r_x,0.16560581068303118,0.16566747052026948,0.6532179426494689,0.017298578762309336
20270830,"slow reversible, slow ramp",phi,-0.10304347826086957,0.10304347826086957,0.408695652173913,0.0
20270830,"slow reversible, slow ramp",P,0.07028513720287498,0.07088042962808938,0.2870906310230834,-0.0011077669728828884
20270830,one-way boundary,Q,0.2856250000000001,0.2856250000000001,0.39166666666666666,0.39166666666666666
20270830,one-way boundary,r_x,0.4497250457445855,0.4497484361272962,0.6663347183651667,0.5462804407580917
20270830,one-way boundary,phi,-0.2980434782608696,0.2980434782608696,0.408695652173913,-0.408695652173913
20270830,one-way boundary,P,0.22547613058976063,0.22562190918976063,0.3799397804489908,0.22534161486886845
20270830,slow reversible + graph reset,Q,0.06749999999999999,0.06749999999999999,0.38333333333333325,0.0
20270830,slow reversible + graph reset,r_x,0.12353414746020959,0.1235597656857666,0.6537692351908844,0.03288839879254002
20270830,slow reversible + graph reset,phi,-0.07043478260869566,0.07043478260869566,0.39999999999999997,0.0
20270830,slow reversible + graph reset,P,0.04638208108457798,0.04652539188439403,0.2552383351686366,0.005353434822646663
20270831,no rewiring,Q,0.0,0.0,0.0,0.0
20270831,no rewiring,r_x,0.006253404029588467,0.0068725939748922864,0.03881328196667816,0.03881328196667816
20270831,no rewiring,phi,0.0,0.0,0.0,0.0
20270831,no rewiring,P,0.004501970755216583,0.004520680945701011,0.011893063347759136,0.006802198870750495
20270831,fast reversible,Q,0.12041666666666667,0.12041666666666667,0.39166666666666666,0.0
20270831,fast reversible,r_x,0.19782450398025522,0.20543064043074244,0.6579702461403829,0.015245813648782636
20270831,fast reversible,phi,-0.12456896551724136,0.12456896551724136,0.4051724137931034,0.0
20270831,fast reversible,P,0.0916175427966026,0.09163300490053869,0.29200792559794153,0.005963623415033155
20270831,"fast reversible, slow ramp",Q,0.05541666666666669,0.05541666666666669,0.4000000000000001,0.0
20270831,"fast reversible, slow ramp",r_x,0.0811685927821418,0.1050937213756059,0.6642578851291377,-0.042280207940534054
20270831,"fast reversible, slow ramp",phi,-0.05732758620689657,0.05732758620689657,0.41379310344827586,0.0
20270831,"fast reversible, slow ramp",P,0.04520226198834015,0.04558614981568145,0.3003210618722305,0.0005762861158972246
20270831,slow reversible,Q,0.25000000000000006,0.25000000000000006,0.4000000000000001,0.18333333333333335
20270831,slow reversible,r_x,0.39836866527975784,0.3983705153303839,0.6638590419881716,0.23691488153431722
20270831,slow reversible,phi,-0.25862068965517243,0.25862068965517243,0.41379310344827586,-0.1896551724137931
20270831,slow reversible,P,0.1868512901061978,0.1868684395636396,0.3459563705350822,0.04730491920639329
20270831,"slow reversible, slow ramp",Q,0.12500000000000003,0.12500000000000003,0.39166666666666666,0.0
20270831,"slow reversible, slow ramp",r_x,0.1921255676742835,0.1999577249779053,0.6510963364632575,-0.015158603280036875
20270831,"slow reversible, slow ramp",phi,-0.1293103448275862,0.1293103448275862,0.4051724137931034,0.0
20270831,"slow reversible, slow ramp",P,0.09811671728178213,0.09829810557915422,0.3081468634298836,0.0018109049872636826
20270831,one-way boundary,Q,0.2733333333333334,0.2733333333333334,0.4000000000000001,0.4000000000000001
20270831,one-way boundary,r_x,0.4272412352341059,0.4272470266336195,0.6706904034419775,0.5683436508457462
20270831,one-way boundary,phi,-0.2827586206896552,0.2827586206896552,0.41379310344827586,-0.41379310344827586
20270831,one-way boundary,P,0.22875883518721699,0.2287771044080358,0.39957395014116587,0.2468142426758359
20270831,slow reversible + graph reset,Q,0.08000000000000003,0.08000000000000003,0.37500000000000006,0.0
20270831,slow reversible + graph reset,r_x,0.14853270005707706,0.1486272072776443,0.6494508117950002,0.038813281585269754
20270831,slow reversible + graph reset,phi,-0.08275862068965519,0.08275862068965519,0.3879310344827586,0.0
20270831,slow reversible + graph reset,P,0.05218416113959529,0.0522013105970371,0.2674677925351967,0.006802197359025514
20270832,no rewiring,Q,0.0,0.0,0.0,0.0
20270832,no rewiring,r_x,0.005354126547804766,0.005766231828100732,0.03708875918998489,0.019820423397359732
20270832,no rewiring,phi,0.0,0.0,0.0,0.0
20270832,no rewiring,P,0.004437357917275131,0.004523419914461191,0.01116765610927685,0.003025214310928323
20270832,fast reversible,Q,0.12083333333333333,0.12083333333333333,0.39166666666666666,0.0
20270832,fast reversible,r_x,0.218132002965122,0.21815564237042626,0.6758281519638527,0.05342202362318893
20270832,fast reversible,phi,-0.12184873949579833,0.12184873949579833,0.3949579831932773,0.0
20270832,fast reversible,P,0.09566280233335404,0.09578352047857527,0.2957484389940453,0.004671972169255391
20270832,"fast reversible, slow ramp",Q,0.05125000000000002,0.05125000000000002,0.4,0.0
20270832,"fast reversible, slow ramp",r_x,0.08890162805534971,0.08946342448583282,0.6873583099044897,0.0014090695577991252
20270832,"fast reversible, slow ramp",phi,-0.05168067226890759,0.05168067226890759,0.40336134453781514,0.0
20270832,"fast reversible, slow ramp",P,0.042378372062619865,0.04264505622075631,0.29961149915169405,-0.0009182068243086816
20270832,slow reversible,Q,0.2304166666666667,0.2304166666666667,0.4,0.10000000000000003
20270832,slow reversible,r_x,0.38822903415244936,0.3882297143633319,0.6898785072570675,0.1774449504691032
20270832,slow reversible,phi,-0.2323529411764706,0.2323529411764706,0.40336134453781514,-0.10084033613445381
20270832,slow reversible,P,0.17527819326898483,0.17539899143605325,0.3333659680243535,0.0282669601873677
20270832,"slow reversible, slow ramp",Q,0.09750000000000002,0.09750000000000002,0.4,0.0
20270832,"slow reversible, slow ramp",r_x,0.17710478038204794,0.177105531332473,0.6873558926122697,0.05780078622554441
20270832,"slow reversible, slow ramp",phi,-0.09831932773109245,0.09831932773109245,0.40336134453781514,0.0
20270832,"slow reversible, slow ramp",P,0.07749032670824542,0.07771353949598843,0.3121576149964336,0.0006568289488374304
20270832,one-way boundary,Q,0.2858333333333334,0.2858333333333334,0.4,0.4
20270832,one-way boundary,r_x,0.4687637421119399,0.46876412310227855,0.6898808010160173,0.589621331961236
20270832,one-way boundary,phi,-0.2882352941176471,0.2882352941176471,0.40336134453781514,-0.40336134453781514
20270832,one-way boundary,P,0.23390483375938045,0.2340161827585202,0.404945960371654,0.24735599539344927
20270832,slow reversible + graph reset,Q,0.07166666666666667,0.07166666666666667,0.38333333333333336,0.0
20270832,slow reversible + graph reset,r_x,0.13317097632173322,0.13330091022444604,0.6739805297058823,0.019820423490070738
20270832,slow reversible + graph reset,phi,-0.0722689075630252,0.0722689075630252,0.3865546218487395,0.0
20270832,slow reversible + graph reset,P,0.04926825304294279,0.049389051210011185,0.2685295655217661,0.003025214033622145
20270833,no rewiring,Q,0.0,0.0,0.0,0.0
20270833,no rewiring,r_x,0.009088781026108135,0.009673358365566053,0.050029755191360104,0.04292014460364452
20270833,no rewiring,phi,0.0,0.0,0.0,0.0
20270833,no rewiring,P,0.005349361189511468,0.005415659758481171,0.015713441017440363,0.006629809323426876
20270833,fast reversible,Q,0.12916666666666668,0.12916666666666668,0.39999999999999997,0.0
20270833,fast reversible,r_x,0.20792442597743432,0.22750784617776665,0.6656765220844317,-0.015422252068319209
20270833,fast reversible,phi,-0.13963963963963966,0.13963963963963966,0.43243243243243246,0.0
20270833,fast reversible,P,0.09360359535766231,0.09360359535766231,0.2959241630651117,0.0027082645413280954
20270833,"fast reversible, slow ramp",Q,0.0575,0.0575,0.3916666666666666,0.0
20270833,"fast reversible, slow ramp",r_x,0.08245876635292121,0.10710896916358821,0.6542105586503709,-0.025466083649488935
20270833,"fast reversible, slow ramp",phi,-0.06216216216216217,0.06216216216216217,0.42342342342342343,0.0
20270833,"fast reversible, slow ramp",P,0.04117104296032608,0.04352800783383277,0.28398642999615664,-0.0009011723824734474
20270833,slow reversible,Q,0.20270833333333332,0.20270833333333332,0.39999999999999997,0.024999999999999967
20270833,slow reversible,r_x,0.32387712979649147,0.32387911737254815,0.6656717568971365,0.04733113173798542
20270833,slow reversible,phi,-0.21914414414414418,0.21914414414414418,0.43243243243243246,-0.02702702702702703
20270833,slow reversible,P,0.15260252168124938,0.15262230266670015,0.32285792502770816,0.014905427795528746
20270833,"slow reversible, slow ramp",Q,0.10833333333333334,0.10833333333333334,0.3916666666666666,0.0
20270833,"slow reversible, slow ramp",r_x,0.17822012489783376,0.1782540868225606,0.6543879328530099,0.013571385379996803
20270833,"slow reversible, slow ramp",phi,-0.11711711711711714,0.11711711711711714,0.42342342342342343,0.0
20270833,"slow reversible, slow ramp",P,0.08123815745191043,0.0814965819984042,0.28646474367665936,0.001354480598890588
20270833,one-way boundary,Q,0.27499999999999997,0.27499999999999997,0.39999999999999997,0.39999999999999997
20270833,one-way boundary,r_x,0.43080589660675817,0.43080735080042526,0.6656693804082102,0.5544946684953385
20270833,one-way boundary,phi,-0.29729729729729737,0.29729729729729737,0.43243243243243246,-0.43243243243243246
20270833,one-way boundary,P,0.2264023336975236,0.22641173348596935,0.3954022288120353,0.24647471285413367
20270833,slow reversible + graph reset,Q,0.05708333333333335,0.05708333333333335,0.38333333333333336,0.0
20270833,slow reversible + graph reset,r_x,0.10933753393646334,0.10970386838785609,0.6582686197386991,0.04292014397619098
20270833,slow reversible + graph reset,phi,-0.06171171171171173,0.06171171171171173,0.4144144144144144,0.0
20270833,slow reversible + graph reset,P,0.04319250014524831,0.043212281130699096,0.26653054523484865,0.006629802444803171
20270834,no rewiring,Q,0.0,0.0,0.0,0.0
20270834,no rewiring,r_x,0.005102993193317066,0.006327279781891388,0.02499448079432426,0.018898190969689643
20270834,no rewiring,phi,0.0,0.0,0.0,0.0
20270834,no rewiring,P,0.005591846020784786,0.005591846020784786,0.012483092256686507,0.005729736032124427
20270834,fast reversible,Q,0.12166666666666666,0.12166666666666666,0.3999999999999999,0.0
20270834,fast reversible,r_x,0.18831241545370875,0.2068621430528494,0.6482476503768967,-0.030210907825217792
20270834,fast reversible,phi,-0.12372881355932205,0.12372881355932205,0.4067796610169492,0.0
20270834,fast reversible,P,0.09270765402407226,0.09277694558763917,0.3001874606211292,0.004247941756263113
20270834,"fast reversible, slow ramp",Q,0.05208333333333334,0.05208333333333334,0.3999999999999999,0.0
20270834,"fast reversible, slow ramp",r_x,0.07000349195457395,0.09995355869729361,0.650327016417068,-0.025811422875555712
20270834,"fast reversible, slow ramp",phi,-0.05296610169491528,0.05296610169491528,0.4067796610169492,0.0
20270834,"fast reversible, slow ramp",P,0.03602132509451452,0.03881463110843961,0.2916796556337877,-0.0014706329806314991
20270834,slow reversible,Q,0.23354166666666665,0.23354166666666665,0.3999999999999999,0.10833333333333328
20270834,slow reversible,r_x,0.35867706640373515,0.35867852412107765,0.6492472211944893,0.11755546980772874
20270834,slow reversible,phi,-0.23750000000000004,0.23750000000000004,0.4067796610169492,-0.11016949152542377
20270834,slow reversible,P,0.1723317356174873,0.17240068276543788,0.33027300854685665,0.03153881481624897
20270834,"slow reversible, slow ramp",Q,0.10666666666666666,0.10666666666666666,0.3999999999999999,0.0
20270834,"slow reversible, slow ramp",r_x,0.17557045627329093,0.17557460850543524,0.6503291800180129,0.014153499454464036
20270834,"slow reversible, slow ramp",phi,-0.10847457627118648,0.10847457627118648,0.4067796610169492,0.0
20270834,"slow reversible, slow ramp",P,0.07711658668746622,0.07831060066552317,0.29171085410431896,-0.0012964459403206896
20270834,one-way boundary,Q,0.29208333333333325,0.29208333333333325,0.3999999999999999,0.3999999999999999
20270834,one-way boundary,r_x,0.4497425914150995,0.4497427021674626,0.6658883287318461,0.5517380244088945
20270834,one-way boundary,phi,-0.29703389830508475,0.29703389830508475,0.4067796610169492,-0.4067796610169492
20270834,one-way boundary,P,0.23141438896413644,0.23147348457780767,0.3941540986389188,0.24611544889506187
20270834,slow reversible + graph reset,Q,0.06666666666666665,0.06666666666666665,0.3916666666666666,0.0
20270834,slow reversible + graph reset,r_x,0.11958760981999059,0.11991750140217919,0.6492472211944893,0.018898190642352708
20270834,slow reversible + graph reset,phi,-0.06779661016949154,0.06779661016949154,0.3983050847457627,0.0
20270834,slow reversible + graph reset,P,0.04769584496069786,0.047764792108648424,0.2654351551973211,0.005729735991625989
20270835,no rewiring,Q,0.0,0.0,0.0,0.0
20270835,no rewiring,r_x,0.006226823955550643,0.006753364235212134,0.04054375461513787,0.02640078742182933
20270835,no rewiring,phi,0.0,0.0,0.0,0.0
20270835,no rewiring,P,0.004246685707540384,0.0042531517481975995,0.00992783015765239,0.0028071380187031786
20270835,fast reversible,Q,0.12250000000000001,0.12250000000000001,0.39166666666666666,0.0
20270835,fast reversible,r_x,0.20559281214186292,0.21437247318450484,0.6666961459314058,-0.0068132549634809525
20270835,fast reversible,phi,-0.12352941176470589,0.12352941176470589,0.3949579831932773,0.0
20270835,fast reversible,P,0.09257093131442332,0.0926157146052736,0.3048654948793738,0.0016360949387387025
20270835,"fast reversible, slow ramp",Q,0.05250000000000001,0.05250000000000001,0.39166666666666666,0.0
20270835,"fast reversible, slow ramp",r_x,0.09972150823783665,0.09975887145832096,0.6672887348678616,0.014089591821191405
20270835,"fast reversible, slow ramp",phi,-0.05294117647058825,0.05294117647058825,0.3949579831932773,0.0
20270835,"fast reversible, slow ramp",P,0.041100583695949634,0.04146038408353445,0.29097325944673047,0.0005050378783960086
20270835,slow reversible,Q,0.22458333333333336,0.22458333333333336,0.39166666666666666,0.18333333333333335
20270835,slow reversible,r_x,0.37021210583670827,0.37026538664226943,0.6666075393611366,0.29086970495971365
20270835,slow reversible,phi,-0.22647058823529415,0.22647058823529415,0.3949579831932773,-0.18487394957983194
20270835,slow reversible,P,0.1739622429955811,0.1740698301869683,0.347212177878956,0.052415908737698094
20270835,"slow reversible, slow ramp",Q,0.1141666666666667,0.1141666666666667,0.39166666666666666,0.0
20270835,"slow reversible, slow ramp",r_x,0.17779286700945718,0.1965609293653534,0.6681591478536921,-0.05185387958510529
20270835,"slow reversible, slow ramp",phi,-0.11512605042016807,0.11512605042016807,0.3949579831932773,0.0
20270835,"slow reversible, slow ramp",P,0.08523141649536899,0.08724248480759819,0.3040441594598164,-0.0017372348205967406
20270835,one-way boundary,Q,0.259375,0.259375,0.39166666666666666,0.39166666666666666
20270835,one-way boundary,r_x,0.418654306211323,0.4186997271679719,0.6670167078699829,0.5803666127422461
20270835,one-way boundary,phi,-0.2615546218487395,0.2615546218487395,0.3949579831932773,-0.3949579831932773
20270835,one-way boundary,P,0.21606758791836747,0.21617581041925596,0.3822057674249947,0.22760714660760417
20270835,slow reversible + graph reset,Q,0.056666666666666664,0.056666666666666664,0.375,0.0
20270835,slow reversible + graph reset,r_x,0.10590948506427753,0.1060711425610115,0.6523360560735416,0.026400787303615503
20270835,slow reversible + graph reset,phi,-0.05714285714285715,0.05714285714285715,0.37815126050420167,0.0
20270835,slow reversible + graph reset,P,0.041901844858880176,0.04200943205026742,0.2597079733974549,0.002807137812901178
20270836,no rewiring,Q,0.0,0.0,0.0,0.0
20270836,no rewiring,r_x,0.006648446989992226,0.00728460187340909,0.03834470441680721,0.03701894712894538
20270836,no rewiring,phi,0.0,0.0,0.0,0.0
20270836,no rewiring,P,0.004875481160535556,0.004919814086603648,0.011806903388504791,0.006379818220902479
20270836,fast reversible,Q,0.1275,0.1275,0.3916666666666666,0.0
20270836,fast reversible,r_x,0.2084954792318387,0.21242614098714305,0.6432667283915583,-0.004090507162022972
20270836,fast reversible,phi,-0.13076923076923075,0.13076923076923075,0.40170940170940167,0.0
20270836,fast reversible,P,0.09779027013805437,0.09785476246357998,0.30096728823570573,0.004188176662431792
20270836,"fast reversible, slow ramp",Q,0.05833333333333334,0.05833333333333334,0.3999999999999999,0.0
20270836,"fast reversible, slow ramp",r_x,0.08983360139242091,0.10147546119996861,0.6565855490205235,-0.03717447230964466
20270836,"fast reversible, slow ramp",phi,-0.05982905982905985,0.05982905982905985,0.41025641025641024,0.0
20270836,"fast reversible, slow ramp",P,0.04489402826595404,0.045239974988954934,0.2933921155023317,0.0007879061283446107
20270836,slow reversible,Q,0.2189583333333333,0.2189583333333333,0.3999999999999999,0.15833333333333335
20270836,slow reversible,r_x,0.33913027649160493,0.33913027649160493,0.6567233859484546,0.1984523043586538
20270836,slow reversible,phi,-0.22457264957264958,0.22457264957264958,0.41025641025641024,-0.16239316239316237
20270836,slow reversible,P,0.1605897396568854,0.16065797444405966,0.3268946322080707,0.04377975083678038
20270836,"slow reversible, slow ramp",Q,0.11291666666666667,0.11291666666666667,0.3916666666666666,0.0
20270836,"slow reversible, slow ramp",r_x,0.16563231076413404,0.18677209623847044,0.6431902666810676,-0.055549593259267005
20270836,"slow reversible, slow ramp",phi,-0.1158119658119658,0.1158119658119658,0.40170940170940167,0.0
20270836,"slow reversible, slow ramp",P,0.08476818185329628,0.08639761235388442,0.3098352345255415,-0.0011939540359404144
20270836,one-way boundary,Q,0.26874999999999993,0.26874999999999993,0.3999999999999999,0.3999999999999999
20270836,one-way boundary,r_x,0.4105387913260946,0.4105407692662972,0.6567196021631675,0.5557546011464962
20270836,one-way boundary,phi,-0.27564102564102566,0.27564102564102566,0.41025641025641024,-0.41025641025641024
20270836,one-way boundary,P,0.22340069996108147,0.22346920732005432,0.3944080982885573,0.24543755735517928
20270836,slow reversible + graph reset,Q,0.06041666666666665,0.06041666666666665,0.3583333333333333,0.0
20270836,slow reversible + graph reset,r_x,0.1100532052155631,0.1100532052155631,0.5880348349322584,0.03701894545264067
20270836,slow reversible + graph reset,phi,-0.061965811965811975,0.061965811965811975,0.36752136752136755,0.0
20270836,slow reversible + graph reset,P,0.04475715805205146,0.04482539283922572,0.26404694726887035,0.006379812944399488
20270837,no rewiring,Q,0.0,0.0,0.0,0.0
20270837,no rewiring,r_x,0.0062796447081172446,0.006955362472821011,0.04736316696584636,0.023359710582344706
20270837,no rewiring,phi,0.0,0.0,0.0,0.0
20270837,no rewiring,P,0.004912707234023783,0.004912707234023783,0.012550374857928398,0.0038273201364188436
20270837,fast reversible,Q,0.13958333333333336,0.13958333333333336,0.4,0.0
20270837,fast reversible,r_x,0.26160873585502464,0.2616089130441033,0.6839049066422671,0.08127400404844892
20270837,fast reversible,phi,-0.14955357142857142,0.14955357142857142,0.42857142857142855,0.0
20270837,fast reversible,P,0.10065118330357717,0.10065118330357717,0.29544207701849845,0.004316110556506367
20270837,"fast reversible, slow ramp",Q,0.05375000000000002,0.05375000000000002,0.4,0.0
20270837,"fast reversible, slow ramp",r_x,0.09200165687935459,0.09391839776070603,0.6840734484862917,-0.0005181303906573453
20270837,"fast reversible, slow ramp",phi,-0.057589285714285725,0.057589285714285725,0.42857142857142855,0.0
20270837,"fast reversible, slow ramp",P,0.03627398976450773,0.0410244385933276,0.29090514865181394,-0.0020719379025919277
20270837,slow reversible,Q,0.245625,0.245625,0.4,0.14166666666666672
20270837,slow reversible,r_x,0.4115342313270157,0.4115348336683768,0.6839040641875638,0.23837256209335173
20270837,slow reversible,phi,-0.2631696428571429,0.2631696428571429,0.42857142857142855,-0.15178571428571425
20270837,slow reversible,P,0.17856901298754316,0.17856901298754316,0.3273126002455964,0.042182997980259325
20270837,"slow reversible, slow ramp",Q,0.1229166666666667,0.1229166666666667,0.3916666666666667,0.0
20270837,"slow reversible, slow ramp",r_x,0.20762822290067084,0.21111345408482096,0.6733809638773062,0.004082667796565298
20270837,"slow reversible, slow ramp",phi,-0.13169642857142858,0.13169642857142858,0.4196428571428571,0.0
20270837,"slow reversible, slow ramp",P,0.09209449240317015,0.09290544104755256,0.2940750495124488,-0.001493538088202774
20270837,one-way boundary,Q,0.2791666666666667,0.2791666666666667,0.4,0.4
20270837,one-way boundary,r_x,0.45269154605549267,0.45269198593185467,0.6839015195678493,0.580135471702462
20270837,one-way boundary,phi,-0.2991071428571429,0.2991071428571429,0.42857142857142855,-0.42857142857142855
20270837,one-way boundary,P,0.22704823127692292,0.22704823127692292,0.3929692359183916,0.2424260969598738
20270837,slow reversible + graph reset,Q,0.08083333333333334,0.08083333333333334,0.39166666666666666,0.0
20270837,slow reversible + graph reset,r_x,0.1506635631487659,0.15077751052586888,0.679659574314512,0.023359710121895194
20270837,slow reversible + graph reset,phi,-0.08660714285714287,0.08660714285714287,0.41964285714285715,0.0
20270837,slow reversible + graph reset,P,0.05160444860477914,0.05160444860477914,0.26546360186631823,0.0038273160085109947
20270838,no rewiring,Q,0.0,0.0,0.0,0.0
20270838,no rewiring,r_x,0.005978218856559899,0.006214193067794348,0.032238230006985225,0.026752510806753116
20270838,no rewiring,phi,0.0,0.0,0.0,0.0
20270838,no rewiring,P,0.004240232943174285,0.0042750066264777425,0.009389914729403537,0.0038119477650682826
20270838,fast reversible,Q,0.1325,0.1325,0.4,0.0
20270838,fast reversible,r_x,0.2429947749790378,0.24299529333791672,0.6916320552856884,0.0638208859755311
20270838,fast reversible,phi,-0.1325,0.1325,0.4,0.0
20270838,fast reversible,P,0.10249041925284788,0.10263671654283416,0.2974898085276426,0.006934333089877877
20270838,"fast reversible, slow ramp",Q,0.05708333333333336,0.05708333333333336,0.3916666666666667,0.0
20270838,"fast reversible, slow ramp",r_x,0.1065142444252812,0.10654339607674798,0.6753149325445292,0.05643112971469716
20270838,"fast reversible, slow ramp",phi,-0.05708333333333335,0.05708333333333335,0.39166666666666666,0.0
20270838,"fast reversible, slow ramp",P,0.04380241983238146,0.04400937141707434,0.28571118076647917,0.0032472353216656466
20270838,slow reversible,Q,0.22875,0.22875,0.3916666666666667,0.1333333333333333
20270838,slow reversible,r_x,0.3802797565707925,0.3803016142519341,0.6787038589552067,0.24690224751927836
20270838,slow reversible,phi,-0.22875,0.22875,0.39166666666666666,-0.13333333333333336
20270838,slow reversible,P,0.17188306675080633,0.17202538504506798,0.34160732490798634,0.04057205591158242
20270838,"slow reversible, slow ramp",Q,0.11250000000000002,0.11250000000000002,0.3916666666666667,0.0
20270838,"slow reversible, slow ramp",r_x,0.20348896243977405,0.20358578073602743,0.6761717192590094,0.06743248478722419
20270838,"slow reversible, slow ramp",phi,-0.11250000000000002,0.11250000000000002,0.39166666666666666,0.0
20270838,"slow reversible, slow ramp",P,0.08744153201228613,0.08765350989116087,0.2866615022669142,0.0037889295613060398
20270838,one-way boundary,Q,0.2783333333333334,0.2783333333333334,0.4,0.4
20270838,one-way boundary,r_x,0.45445938099509564,0.45445973762921027,0.6916269482939486,0.5801211713229157
20270838,one-way boundary,phi,-0.2783333333333334,0.2783333333333334,0.4,-0.4
20270838,one-way boundary,P,0.22898313097823347,0.22912929795452763,0.3994199668380061,0.24761133155213358
20270838,slow reversible + graph reset,Q,0.06583333333333333,0.06583333333333333,0.3666666666666667,0.0
20270838,slow reversible + graph reset,r_x,0.12068554224653041,0.12070739992767196,0.6310005833164929,0.026752510800954032
20270838,slow reversible + graph reset,phi,-0.06583333333333333,0.06583333333333333,0.36666666666666664,0.0
20270838,slow reversible + graph reset,P,0.04521641357515037,0.045358731869412014,0.25097922485966107,0.003811947656433945
20270839,no rewiring,Q,0.0,0.0,0.0,0.0
20270839,no rewiring,r_x,0.007295497777551043,0.007834632905826205,0.037208782490633086,0.03102168633292618
20270839,no rewiring,phi,0.0,0.0,0.0,0.0
20270839,no rewiring,P,0.004559818628731804,0.004590936748975338,0.011493761255587959,0.004945456992797456
20270839,fast reversible,Q,0.12708333333333335,0.12708333333333335,0.39166666666666666,0.0
20270839,fast reversible,r_x,0.23142229663243108,0.2314455318866524,0.6594987423150629,0.06260247848168399
20270839,fast reversible,phi,-0.13260869565217392,0.13260869565217392,0.408695652173913,0.0
20270839,fast reversible,P,0.10009498094279122,0.10023494735135062,0.29879245768687945,0.008395105247293574
20270839,"fast reversible, slow ramp",Q,0.055416666666666684,0.055416666666666684,0.4,0.0
20270839,"fast reversible, slow ramp",r_x,0.09299408490664213,0.09478022375610447,0.673336362535387,0.01480112197159833
20270839,"fast reversible, slow ramp",phi,-0.05782608695652175,0.05782608695652175,0.41739130434782606,0.0
20270839,"fast reversible, slow ramp",P,0.04317201471021608,0.04317201471021608,0.29930204463871835,0.0016553855976167986
20270839,slow reversible,Q,0.22645833333333337,0.22645833333333337,0.4,0.125
20270839,slow reversible,r_x,0.36192370475980246,0.36192648372490654,0.6737076586783952,0.19111540491946177
20270839,slow reversible,phi,-0.23630434782608695,0.23630434782608695,0.41739130434782606,-0.13043478260869562
20270839,slow reversible,P,0.1805205017642822,0.18066264737951362,0.36413517552455993,0.03166917946106257
20270839,"slow reversible, slow ramp",Q,0.10416666666666667,0.10416666666666667,0.39166666666666666,0.0
20270839,"slow reversible, slow ramp",r_x,0.17468364863802674,0.17470082231152928,0.6595900463992133,0.02212094585000285
20270839,"slow reversible, slow ramp",phi,-0.10869565217391305,0.10869565217391305,0.408695652173913,0.0
20270839,"slow reversible, slow ramp",P,0.08047882830269934,0.08051691890079665,0.29279351423326405,0.002512845254638442
20270839,one-way boundary,Q,0.2733333333333334,0.2733333333333334,0.4,0.4
20270839,one-way boundary,r_x,0.43339953852850277,0.43340383769860924,0.6746256115029141,0.5696371973830835
20270839,one-way boundary,phi,-0.28521739130434787,0.28521739130434787,0.41739130434782606,-0.41739130434782606
20270839,one-way boundary,P,0.22896011501516067,0.22910269532883498,0.4023474809008649,0.24692412342352454
20270839,slow reversible + graph reset,Q,0.059583333333333356,0.059583333333333356,0.37500000000000006,0.0
20270839,slow reversible + graph reset,r_x,0.1104083336589864,0.1106504115694042,0.6394708418000347,0.03102168643363984
20270839,slow reversible + graph reset,phi,-0.062173913043478274,0.062173913043478274,0.391304347826087,0.0
20270839,slow reversible + graph reset,P,0.043981452269098276,0.04412359788432971,0.2666941729593426,0.004945456475115337
20270840,no rewiring,Q,0.0,0.0,0.0,0.0
20270840,no rewiring,r_x,0.004811219453318953,0.00521688360719354,0.03093568257565782,0.010477671167015812
20270840,no rewiring,phi,0.0,0.0,0.0,0.0
20270840,no rewiring,P,0.0038655966148119494,0.0038655966148119494,0.00995868885805068,0.003189861054165459
20270840,fast reversible,Q,0.13208333333333333,0.13208333333333333,0.39166666666666666,0.0
20270840,fast reversible,r_x,0.24277191955210076,0.24278819396370246,0.6738676808869988,0.050199892927280276
20270840,fast reversible,phi,-0.13782608695652174,0.13782608695652174,0.408695652173913,0.0
20270840,fast reversible,P,0.1007875737788807,0.10089163197477473,0.29945479740062697,0.005326624344086588
20270840,"fast reversible, slow ramp",Q,0.057083333333333354,0.057083333333333354,0.4,0.0
20270840,"fast reversible, slow ramp",r_x,0.10280832352377293,0.10284589458857368,0.6858133553344142,0.008101921519102107
20270840,"fast reversible, slow ramp",phi,-0.059565217391304354,0.059565217391304354,0.41739130434782606,0.0
20270840,"fast reversible, slow ramp",P,0.04448128865778431,0.045111009765892864,0.3011481640826663,0.0007710116094897246
20270840,slow reversible,Q,0.22083333333333333,0.22083333333333333,0.39166666666666666,0.1333333333333333
20270840,slow reversible,r_x,0.370592663615739,0.37062744392614955,0.6733020054592767,0.22933493945372946
20270840,slow reversible,phi,-0.23043478260869565,0.23043478260869565,0.408695652173913,-0.13913043478260867
20270840,slow reversible,P,0.16481002554302324,0.16491434330163052,0.3161146891681538,0.034307153040467095
20270840,"slow reversible, slow ramp",Q,0.10208333333333333,0.10208333333333333,0.39166666666666666,0.0
20270840,"slow reversible, slow ramp",r_x,0.1759035126079872,0.17594478711497286,0.6725267275832496,0.012550631729011719
20270840,"slow reversible, slow ramp",phi,-0.10652173913043478,0.10652173913043478,0.408695652173913,0.0
20270840,"slow reversible, slow ramp",P,0.07835286353153285,0.07897992280992529,0.3082270996098435,0.00037390269836482665
20270840,one-way boundary,Q,0.2685416666666667,0.2685416666666667,0.39166666666666666,0.39166666666666666
20270840,one-way boundary,r_x,0.4399626695926308,0.4399918918284684,0.6749416152654606,0.5853107599044367
20270840,one-way boundary,phi,-0.2802173913043478,0.2802173913043478,0.408695652173913,-0.408695652173913
20270840,one-way boundary,P,0.22103903938856617,0.22114249811268874,0.3817467141581888,0.22876691698292356
20270840,slow reversible + graph reset,Q,0.06708333333333334,0.06708333333333334,0.35833333333333334,0.0
20270840,slow reversible + graph reset,r_x,0.12234421963427003,0.12241872681598015,0.6319296951101788,0.010477671010392986
20270840,slow reversible + graph reset,phi,-0.07000000000000002,0.07000000000000002,0.3739130434782609,0.0
20270840,slow reversible + graph reset,P,0.046324400938357276,0.04642871869696456,0.25963856692635756,0.0031898600002475616
20270841,no rewiring,Q,0.0,0.0,0.0,0.0
20270841,no rewiring,r_x,0.0052149904825857804,0.006063902328192005,0.03816769868670955,0.014705185955706523
20270841,no rewiring,phi,0.0,0.0,0.0,0.0
20270841,no rewiring,P,0.004407263234464126,0.004407263234464126,0.010326478169940465,0.004674037274321516
20270841,fast reversible,Q,0.13166666666666665,0.13166666666666665,0.3999999999999999,0.0
20270841,fast reversible,r_x,0.2386918576863472,0.2386936600470594,0.690893952881015,0.04801037486283144
20270841,fast reversible,phi,-0.1338983050847458,0.1338983050847458,0.4067796610169492,0.0
20270841,fast reversible,P,0.10606431372004411,0.10607249490177136,0.3144491007329391,0.008348612812791298
20270841,"fast reversible, slow ramp",Q,0.051250000000000004,0.051250000000000004,0.3916666666666666,0.0
20270841,"fast reversible, slow ramp",r_x,0.0917300464990638,0.0917398593199021,0.6634075550031389,0.018376148559763827
20270841,"fast reversible, slow ramp",phi,-0.052118644067796635,0.052118644067796635,0.39830508474576276,0.0
20270841,"fast reversible, slow ramp",P,0.04183259004447293,0.04242914098261897,0.2918239247781038,0.00012469221179626372
20270841,slow reversible,Q,0.2320833333333333,0.2320833333333333,0.3999999999999999,0.09999999999999998
20270841,slow reversible,r_x,0.38171801628731444,0.38171974816058124,0.6769697832667627,0.20032727315889154
20270841,slow reversible,phi,-0.2360169491525424,0.2360169491525424,0.4067796610169492,-0.1016949152542373
20270841,slow reversible,P,0.1801614813722603,0.18016903754504376,0.3659033025255679,0.03066638683875597
20270841,"slow reversible, slow ramp",Q,0.10499999999999998,0.10499999999999998,0.3916666666666666,0.0
20270841,"slow reversible, slow ramp",r_x,0.17554057599729395,0.1767720056933094,0.6655647146795718,0.005095135896127034
20270841,"slow reversible, slow ramp",phi,-0.10677966101694919,0.10677966101694919,0.39830508474576276,0.0
20270841,"slow reversible, slow ramp",P,0.08105237605854491,0.08181453701009926,0.3147145141061237,-0.0015012371999205826
20270841,one-way boundary,Q,0.2664583333333333,0.2664583333333333,0.3916666666666666,0.3916666666666666
20270841,one-way boundary,r_x,0.4264454397546062,0.42647403964177844,0.6627286592353749,0.5713071795682279
20270841,one-way boundary,phi,-0.2709745762711865,0.2709745762711865,0.39830508474576276,-0.39830508474576276
20270841,one-way boundary,P,0.2212884848230409,0.2212951787754445,0.38818543991464066,0.2284856171518121
20270841,slow reversible + graph reset,Q,0.06958333333333333,0.06958333333333333,0.3916666666666666,0.0
20270841,slow reversible + graph reset,r_x,0.1269536742135686,0.12718701741483346,0.6769697832667627,0.014705185929271392
20270841,slow reversible + graph reset,phi,-0.07076271186440679,0.07076271186440679,0.3983050847457627,0.0
20270841,slow reversible + graph reset,P,0.0477929241457196,0.04780048031850307,0.27224445536384956,0.004674037055145797
20270842,no rewiring,Q,0.0,0.0,0.0,0.0
20270842,no rewiring,r_x,0.005338521056500209,0.005817932529399204,0.028168223771990575,0.028168223771990575
20270842,no rewiring,phi,0.0,0.0,0.0,0.0
20270842,no rewiring,P,0.004677559951655436,0.004677559951655436,0.011269767727570545,0.0042666312644469365
20270842,fast reversible,Q,0.10291666666666667,0.10291666666666667,0.3833333333333333,0.0
20270842,fast reversible,r_x,0.17353322525320958,0.1742916293543477,0.6430916672781699,0.001104086636505519
20270842,fast reversible,phi,-0.10646551724137931,0.10646551724137931,0.39655172413793105,0.0
20270842,fast reversible,P,0.0871305073395123,0.0871305073395123,0.29636507538117224,0.005351553820909016
20270842,"fast reversible, slow ramp",Q,0.06375000000000003,0.06375000000000003,0.4000000000000001,0.0
20270842,"fast reversible, slow ramp",r_x,0.10286534063940835,0.10782708865452396,0.667017725673324,-0.008632944502540596
20270842,"fast reversible, slow ramp",phi,-0.06594827586206899,0.06594827586206899,0.41379310344827586,0.0
20270842,"fast reversible, slow ramp",P,0.04688212184702601,0.04838574903923912,0.29825886774725174,-0.0001022335045216538
20270842,slow reversible,Q,0.1897916666666667,0.1897916666666667,0.39166666666666666,0.025000000000000022
20270842,slow reversible,r_x,0.3018150464492486,0.3018587339048656,0.6552553431055705,0.03412267640650929
20270842,slow reversible,phi,-0.19633620689655173,0.19633620689655173,0.4051724137931034,-0.025862068965517238
20270842,slow reversible,P,0.14047682049954568,0.14047682049954568,0.3199214603869366,0.011468730948665823
20270842,"slow reversible, slow ramp",Q,0.09833333333333336,0.09833333333333336,0.39166666666666666,0.0
20270842,"slow reversible, slow ramp",r_x,0.16698237487373316,0.16701713687700467,0.6530035756319886,0.044263463286789595
20270842,"slow reversible, slow ramp",phi,-0.10172413793103449,0.10172413793103449,0.4051724137931034,0.0
20270842,"slow reversible, slow ramp",P,0.07589116890902332,0.07591742860577345,0.2908311344962696,0.0027379915393252463
20270842,one-way boundary,Q,0.2710416666666666,0.2710416666666666,0.39166666666666666,0.39166666666666666
20270842,one-way boundary,r_x,0.430035431837111,0.430077889452661,0.6552612819046502,0.5503362814773676
20270842,one-way boundary,phi,-0.28038793103448273,0.28038793103448273,0.4051724137931034,-0.4051724137931034
20270842,one-way boundary,P,0.22048973059684682,0.22048973059684682,0.3858252047856293,0.23059428043917735
20270842,slow reversible + graph reset,Q,0.057499999999999996,0.057499999999999996,0.35,0.0
20270842,slow reversible + graph reset,r_x,0.10460627318129784,0.10464996063691483,0.5863329153488772,0.02816822394699564
20270842,slow reversible + graph reset,phi,-0.05948275862068966,0.05948275862068966,0.3620689655172414,0.0
20270842,slow reversible + graph reset,P,0.04253337446591413,0.04253337446591413,0.2536864453301293,0.004266631450174495
20270843,no rewiring,Q,0.0,0.0,0.0,0.0
20270843,no rewiring,r_x,0.0037322077999310324,0.00451192177502232,0.038422621830169146,0.038422621830169146
20270843,no rewiring,phi,0.0,0.0,0.0,0.0
20270843,no rewiring,P,0.003836253348233785,0.003838895640502092,0.008573783212156433,0.007072004193717486
20270843,fast reversible,Q,0.11500000000000002,0.11500000000000002,0.4000000000000001,0.0
20270843,fast reversible,r_x,0.21785681149100744,0.21785888655224983,0.7027814582810611,0.07924129247538425
20270843,fast reversible,phi,-0.11896551724137931,0.11896551724137931,0.41379310344827586,0.0
20270843,fast reversible,P,0.09145426876841138,0.09156446710705445,0.3074072356555726,0.007824196394090967
20270843,"fast reversible, slow ramp",Q,0.050416666666666686,0.050416666666666686,0.39166666666666666,0.0
20270843,"fast reversible, slow ramp",r_x,0.13628418472452938,0.13634971739136717,0.6903638613180515,0.1055005434420434
20270843,"fast reversible, slow ramp",phi,-0.05215517241379312,0.05215517241379312,0.4051724137931034,0.0
20270843,"fast reversible, slow ramp",P,0.04034234431935759,0.04093364378737842,0.2867588530472218,0.004110100019609833
20270843,slow reversible,Q,0.23604166666666665,0.23604166666666665,0.39166666666666666,0.15833333333333333
20270843,slow reversible,r_x,0.4076427229005091,0.4076935596278599,0.6890503334629355,0.3078290486113339
20270843,slow reversible,phi,-0.24418103448275863,0.24418103448275863,0.4051724137931034,-0.16379310344827586
20270843,slow reversible,P,0.17857100984818866,0.1786301434771252,0.32586844945548016,0.050291271202008776
20270843,"slow reversible, slow ramp",Q,0.11041666666666668,0.11041666666666668,0.39166666666666666,0.0
20270843,"slow reversible, slow ramp",r_x,0.21441556242559645,0.21445328561690347,0.68877789116622,0.08391382904841255
20270843,"slow reversible, slow ramp",phi,-0.11422413793103448,0.11422413793103448,0.4051724137931034,0.0
20270843,"slow reversible, slow ramp",P,0.08488659514715635,0.08552204072066248,0.31192017943358125,0.0026701748438549555
20270843,one-way boundary,Q,0.27270833333333333,0.27270833333333333,0.39166666666666666,0.39166666666666666
20270843,one-way boundary,r_x,0.46305926317638685,0.4631046917347984,0.6895780205037564,0.6409768727451977
20270843,one-way boundary,phi,-0.28211206896551727,0.28211206896551727,0.4051724137931034,-0.4051724137931034
20270843,one-way boundary,P,0.22036104420713895,0.22042056565130957,0.3843331557503078,0.23339802975419235
20270843,slow reversible + graph reset,Q,0.06749999999999999,0.06749999999999999,0.3833333333333333,0.0
20270843,slow reversible + graph reset,r_x,0.12419854058630371,0.12433727960124663,0.6838710400179056,0.038422621782012834
20270843,slow reversible + graph reset,phi,-0.06982758620689655,0.06982758620689655,0.396551724137931,0.0
20270843,slow reversible + graph reset,P,0.045933983241699845,0.0459931168706364,0.26389059750997423,0.007072003567572115
20270844,no rewiring,Q,0.0,0.0,0.0,0.0
20270844,no rewiring,r_x,0.006759488107471626,0.0072999862738879215,0.03908208127783802,0.03908208127783802
20270844,no rewiring,phi,0.0,0.0,0.0,0.0
20270844,no rewiring,P,0.005437660903199738,0.005437660903199738,0.012014983229169857,0.006352432220646652
20270844,fast reversible,Q,0.1170833333333333,0.1170833333333333,0.3999999999999999,0.0
20270844,fast reversible,r_x,0.18754324169197217,0.18991225229867234,0.6430676184605568,0.01562408456766029
20270844,fast reversible,phi,-0.12008547008547009,0.12008547008547009,0.41025641025641024,0.0
20270844,fast reversible,P,0.09295806409988389,0.09295806409988389,0.30315489060007106,0.0059787099132220245
20270844,"fast reversible, slow ramp",Q,0.05125000000000002,0.05125000000000002,0.3916666666666666,0.0
20270844,"fast reversible, slow ramp",r_x,0.06982435111832963,0.09742641745775768,0.6279701972938305,-0.030111871743503604
20270844,"fast reversible, slow ramp",phi,-0.05256410256410258,0.05256410256410258,0.40170940170940167,0.0
20270844,"fast reversible, slow ramp",P,0.03802626188193642,0.040076299185526444,0.29151897337091304,-0.003149375335640657
20270844,slow reversible,Q,0.21229166666666666,0.21229166666666666,0.3999999999999999,0.07500000000000001
20270844,slow reversible,r_x,0.3246126038983832,0.3246144368608772,0.6430666971284658,0.09389263620860155
20270844,slow reversible,phi,-0.21773504273504274,0.21773504273504274,0.41025641025641024,-0.07692307692307693
20270844,slow reversible,P,0.16476071785122404,0.16476071785122404,0.356944593877128,0.01893768734752565
20270844,"slow reversible, slow ramp",Q,0.09708333333333333,0.09708333333333333,0.3916666666666666,0.0
20270844,"slow reversible, slow ramp",r_x,0.14192292069319687,0.15511378674709372,0.6271819325272219,-0.026233179442207544
20270844,"slow reversible, slow ramp",phi,-0.09957264957264958,0.09957264957264958,0.40170940170940167,0.0
20270844,"slow reversible, slow ramp",P,0.07438136105895427,0.07466607254667117,0.31283156459919376,-0.002701828363905333
20270844,one-way boundary,Q,0.2766666666666666,0.2766666666666666,0.3999999999999999,0.3999999999999999
20270844,one-way boundary,r_x,0.418431875984641,0.4184329026053539,0.64306765851488,0.5406276596555742
20270844,one-way boundary,phi,-0.28376068376068375,0.28376068376068375,0.41025641025641024,-0.41025641025641024
20270844,one-way boundary,P,0.23009653752979253,0.23009653752979253,0.3954043129304562,0.24632825560809304
20270844,slow reversible + graph reset,Q,0.05874999999999999,0.05874999999999999,0.3833333333333332,0.0
20270844,slow reversible + graph reset,r_x,0.108250748983,0.1082525819454939,0.632717634663664,0.03908208063591523
20270844,slow reversible + graph reset,phi,-0.06025641025641027,0.06025641025641027,0.39316239316239315,0.0
20270844,slow reversible + graph reset,P,0.04433912022412415,0.04433912022412415,0.2672852965347984,0.0063524307858138715
20270845,no rewiring,Q,0.0,0.0,0.0,0.0
20270845,no rewiring,r_x,0.003914044925789668,0.0045939665730932435,0.02545842642438001,0.02545842642438001
20270845,no rewiring,phi,0.0,0.0,0.0,0.0
20270845,no rewiring,P,0.0040375937271206344,0.004107051877170774,0.00851898423944264,0.0019285464008748435
20270845,fast reversible,Q,0.13499999999999998,0.13499999999999998,0.3999999999999999,0.0
20270845,fast reversible,r_x,0.2308335524293607,0.2325208041996726,0.6728018004706191,0.014133646356171092
20270845,fast reversible,phi,-0.13728813559322034,0.13728813559322034,0.4067796610169492,0.0
20270845,fast reversible,P,0.10278429693535193,0.10306021533312275,0.30536545145840843,0.003103145975835671
20270845,"fast reversible, slow ramp",Q,0.061250000000000006,0.061250000000000006,0.3999999999999999,0.0
20270845,"fast reversible, slow ramp",r_x,0.09561755795706069,0.11146447487713632,0.6709255790871698,-0.004439793199149666
20270845,"fast reversible, slow ramp",phi,-0.062288135593220356,0.062288135593220356,0.4067796610169492,0.0
20270845,"fast reversible, slow ramp",P,0.045751060587345176,0.04612178417251267,0.2996030112432413,-0.001693087154877912
20270845,slow reversible,Q,0.20208333333333334,0.20208333333333334,0.3916666666666666,0.033333333333333326
20270845,slow reversible,r_x,0.33035275476563547,0.33039182166510056,0.6591046912542451,0.0942030446043603
20270845,slow reversible,phi,-0.20550847457627122,0.20550847457627122,0.39830508474576276,-0.03389830508474578
20270845,slow reversible,P,0.15758956753907305,0.1579358389310557,0.33522541661588945,0.01144449893373576
20270845,"slow reversible, slow ramp",Q,0.10583333333333333,0.10583333333333333,0.3999999999999999,0.0
20270845,"slow reversible, slow ramp",r_x,0.18159692516457998,0.18159956173533165,0.670923992364358,0.025968679044144016
20270845,"slow reversible, slow ramp",phi,-0.10762711864406782,0.10762711864406782,0.4067796610169492,0.0
20270845,"slow reversible, slow ramp",P,0.08205562644783372,0.08237275057794774,0.2996503748459518,-0.0005802572067129669
20270845,one-way boundary,Q,0.27291666666666664,0.27291666666666664,0.3999999999999999,0.3999999999999999
20270845,one-way boundary,r_x,0.43649674885696343,0.43649674885696343,0.6728029287639627,0.5945242829921008
20270845,one-way boundary,phi,-0.27754237288135597,0.27754237288135597,0.4067796610169492,-0.4067796610169492
20270845,one-way boundary,P,0.2293742824981426,0.22973177081845347,0.40043696333779694,0.24483575917479558
20270845,slow reversible + graph reset,Q,0.05625000000000001,0.05625000000000001,0.375,0.0
20270845,slow reversible + graph reset,r_x,0.10182662902202612,0.10186569592149126,0.6434801518401875,0.025458426400372436
20270845,slow reversible + graph reset,phi,-0.05720338983050849,0.05720338983050849,0.38135593220338987,0.0
20270845,slow reversible + graph reset,P,0.04111665855269588,0.041462929944678525,0.26279451229617035,0.0019285463424697502
20270846,no rewiring,Q,0.0,0.0,0.0,0.0
20270846,no rewiring,r_x,0.003736890515282216,0.004959852237741667,0.03213365679001362,-0.005076461080032013
20270846,no rewiring,phi,0.0,0.0,0.0,0.0
20270846,no rewiring,P,0.003752972907180571,0.003752972907180571,0.006896793818588126,0.003181962783339591
20270846,fast reversible,Q,0.11625,0.11625,0.3916666666666667,0.0
20270846,fast reversible,r_x,0.2246218651204009,0.22464189876970914,0.699103776642072,0.03184444999120001
20270846,fast reversible,phi,-0.12345132743362833,0.12345132743362833,0.415929203539823,0.0
20270846,fast reversible,P,0.09375077015691291,0.09382172858505457,0.2966885822823363,0.0047038972948794736
20270846,"fast reversible, slow ramp",Q,0.06083333333333335,0.06083333333333335,0.4,0.0
20270846,"fast reversible, slow ramp",r_x,0.11739442234082484,0.11740276521284314,0.7105276952210526,0.05289398387899785
20270846,"fast reversible, slow ramp",phi,-0.06460176991150444,0.06460176991150444,0.4247787610619469,0.0
20270846,"fast reversible, slow ramp",P,0.0479641583476546,0.04845309896947208,0.301337742070829,-0.000758161913027737
20270846,slow reversible,Q,0.24958333333333335,0.24958333333333335,0.4,0.18333333333333332
20270846,slow reversible,r_x,0.4317561102198433,0.4317573550013001,0.7129979231968682,0.3044290118395794
20270846,slow reversible,phi,-0.2650442477876106,0.2650442477876106,0.4247787610619469,-0.19469026548672566
20270846,slow reversible,P,0.1931781886589075,0.19325188092846618,0.3804905618310508,0.049319682359599326
20270846,"slow reversible, slow ramp",Q,0.10750000000000004,0.10750000000000004,0.3916666666666667,0.0
20270846,"slow reversible, slow ramp",r_x,0.20501930758617712,0.20509044348189565,0.6975619391292089,0.08883602319154782
20270846,"slow reversible, slow ramp",phi,-0.11415929203539824,0.11415929203539824,0.415929203539823,0.0
20270846,"slow reversible, slow ramp",P,0.08311307044585453,0.08356049416279236,0.2936400371462967,-1.9688817336147024e-05
20270846,one-way boundary,Q,0.27395833333333336,0.27395833333333336,0.3916666666666667,0.3916666666666667
20270846,one-way boundary,r_x,0.4675508206412253,0.46759994084290535,0.6998133916497946,0.5961676027585388
20270846,one-way boundary,phi,-0.290929203539823,0.290929203539823,0.415929203539823,-0.415929203539823
20270846,one-way boundary,P,0.22305892853440662,0.22312962604191552,0.3875874750688429,0.2278342714902532
20270846,slow reversible + graph reset,Q,0.0725,0.0725,0.3833333333333333,0.0
20270846,slow reversible + graph reset,r_x,0.13389797134036222,0.1344013739962684,0.6863519814215991,-0.0050764608230680075
20270846,slow reversible + graph reset,phi,-0.0769911504424779,0.0769911504424779,0.40707964601769914,0.0
20270846,slow reversible + graph reset,P,0.04859366045991684,0.04866735272947547,0.2698535739399688,0.0031819609103150986
20270847,no rewiring,Q,0.0,0.0,0.0,0.0
20270847,no rewiring,r_x,0.0067488651323471685,0.006849443541859487,0.04334499365877037,0.03570170865276806
20270847,no rewiring,phi,0.0,0.0,0.0,0.0
20270847,no rewiring,P,0.004157099979476512,0.004157099979476512,0.008242110229005811,0.0017200541084351206
20270847,fast reversible,Q,0.12,0.12,0.3999999999999999,0.0
20270847,fast reversible,r_x,0.22468803766061102,0.22468803766061102,0.7039643958681543,0.04178377102791242
20270847,fast reversible,phi,-0.12203389830508476,0.12203389830508476,0.4067796610169492,0.0
20270847,fast reversible,P,0.0935320716989272,0.09355539276982595,0.3021964882846494,0.0023972146473796863
20270847,"fast reversible, slow ramp",Q,0.05916666666666667,0.05916666666666667,0.3916666666666666,0.0
20270847,"fast reversible, slow ramp",r_x,0.10521925730988334,0.10643985445165219,0.6924498634260228,-0.015447752312164886
20270847,"fast reversible, slow ramp",phi,-0.06016949152542374,0.06016949152542374,0.39830508474576276,0.0
20270847,"fast reversible, slow ramp",P,0.04357280469652744,0.044197644742672404,0.29165742431580566,-0.0005815284183623773
20270847,slow reversible,Q,0.19624999999999998,0.19624999999999998,0.3916666666666666,0.033333333333333326
20270847,slow reversible,r_x,0.3417347275487564,0.3418129707078112,0.6922298969696388,0.09596565230142207
20270847,slow reversible,phi,-0.19957627118644072,0.19957627118644072,0.39830508474576276,-0.03389830508474578
20270847,slow reversible,P,0.1501458467407499,0.15016564971519966,0.32968677363305654,0.009820175188453302
20270847,"slow reversible, slow ramp",Q,0.11041666666666666,0.11041666666666666,0.3999999999999999,0.0
20270847,"slow reversible, slow ramp",r_x,0.21088507964034842,0.21088853708208483,0.7052823734232607,0.08302653450850261
20270847,"slow reversible, slow ramp",phi,-0.11228813559322036,0.11228813559322036,0.4067796610169492,0.0
20270847,"slow reversible, slow ramp",P,0.08509072918896032,0.08556395937337698,0.2991610861387842,0.002297645794821307
20270847,one-way boundary,Q,0.27874999999999994,0.27874999999999994,0.3999999999999999,0.3999999999999999
20270847,one-way boundary,r_x,0.46698162064543813,0.46698171701578517,0.7039638234755881,0.619978626034043
20270847,one-way boundary,phi,-0.2834745762711865,0.2834745762711865,0.4067796610169492,-0.4067796610169492
20270847,one-way boundary,P,0.23137618457566936,0.2313969468648307,0.40365000537331425,0.24448650467056182
20270847,slow reversible + graph reset,Q,0.059166666666666666,0.059166666666666666,0.3583333333333333,0.0
20270847,slow reversible + graph reset,r_x,0.1131850321644495,0.1133191778433498,0.6482078377340378,0.035701708716754155
20270847,slow reversible + graph reset,phi,-0.06016949152542374,0.06016949152542374,0.364406779661017,0.0
20270847,slow reversible + graph reset,P,0.04285075678983597,0.04287055976428574,0.25462427018322753,0.0017200539790084776
20270848,no rewiring,Q,0.0,0.0,0.0,0.0
20270848,no rewiring,r_x,0.00625013030218332,0.006584834902104936,0.04092117105312132,0.02855824003461971
20270848,no rewiring,phi,0.0,0.0,0.0,0.0
20270848,no rewiring,P,0.004406538995100729,0.004546778008531439,0.014715525513160632,0.004764530088506427
20270848,fast reversible,Q,0.13083333333333336,0.13083333333333336,0.39166666666666666,0.0
20270848,fast reversible,r_x,0.23313250139572111,0.23315458196381023,0.6777703453615862,0.049597931180929866
20270848,fast reversible,phi,-0.13652173913043475,0.13652173913043475,0.408695652173913,0.0
20270848,fast reversible,P,0.09734403395800152,0.09765433923994069,0.28987661942214804,0.005545044448112518
20270848,"fast reversible, slow ramp",Q,0.055000000000000014,0.055000000000000014,0.39166666666666666,0.0
20270848,"fast reversible, slow ramp",r_x,0.09963607305302216,0.09968547848959343,0.6653649941750164,0.005568467499392216
20270848,"fast reversible, slow ramp",phi,-0.0573913043478261,0.0573913043478261,0.408695652173913,0.0
20270848,"fast reversible, slow ramp",P,0.04141432244494898,0.04166025501186275,0.2814719383405453,0.0011045709572946386
20270848,slow reversible,Q,0.23854166666666668,0.23854166666666668,0.39166666666666666,0.17499999999999993
20270848,slow reversible,r_x,0.390486799164795,0.39054069581057715,0.6661075273692805,0.2849235754064429
20270848,slow reversible,phi,-0.24891304347826088,0.24891304347826088,0.408695652173913,-0.18260869565217389
20270848,slow reversible,P,0.17573951559246676,0.17605332648684488,0.31967115231342746,0.05360719684504225
20270848,"slow reversible, slow ramp",Q,0.12125000000000002,0.12125000000000002,0.4,0.0
20270848,"slow reversible, slow ramp",r_x,0.20583710873192504,0.20583790906154942,0.6791409152964303,0.006457238930941633
20270848,"slow reversible, slow ramp",phi,-0.1265217391304348,0.1265217391304348,0.41739130434782606,0.0
20270848,"slow reversible, slow ramp",P,0.09131504578276407,0.09156012241241582,0.3071051406136978,0.0006685086384931732
20270848,one-way boundary,Q,0.2779166666666667,0.2779166666666667,0.4,0.4
20270848,one-way boundary,r_x,0.4491542059464179,0.44915878993528285,0.679434922177462,0.585795986378882
20270848,one-way boundary,phi,-0.29000000000000004,0.29000000000000004,0.41739130434782606,-0.41739130434782606
20270848,one-way boundary,P,0.22770247723847933,0.22805397626272922,0.3955306096934408,0.2478493993910009
20270848,slow reversible + graph reset,Q,0.06833333333333336,0.06833333333333336,0.3666666666666667,0.0
20270848,slow reversible + graph reset,r_x,0.12591093211481613,0.12598225108134245,0.6331786429073023,0.028558240295916526
20270848,slow reversible + graph reset,phi,-0.07130434782608695,0.07130434782608695,0.3826086956521739,0.0
20270848,slow reversible + graph reset,P,0.04552060094405397,0.04583441183843209,0.2523080633464273,0.0047645295669457716
20270849,no rewiring,Q,0.0,0.0,0.0,0.0
20270849,no rewiring,r_x,0.0075854415406293825,0.008184316175775636,0.04297939101415138,0.04297939101415138
20270849,no rewiring,phi,0.0,0.0,0.0,0.0
20270849,no rewiring,P,0.004788959778918093,0.004788959778918093,0.012190410743925933,0.0037403399279157326
20270849,fast reversible,Q,0.13250000000000003,0.13250000000000003,0.4000000000000001,0.0
20270849,fast reversible,r_x,0.2239628317974491,0.2251484744084572,0.6823446976617337,0.013788212992471682
20270849,fast reversible,phi,-0.1370689655172414,0.1370689655172414,0.41379310344827586,0.0
20270849,fast reversible,P,0.09853676376655365,0.09853676376655365,0.2975830744136284,0.003211455286783786
20270849,"fast reversible, slow ramp",Q,0.04958333333333334,0.04958333333333334,0.39166666666666666,0.0
20270849,"fast reversible, slow ramp",r_x,0.08099011375648343,0.08494993287795885,0.6525212528170621,0.01837944889759624
20270849,"fast reversible, slow ramp",phi,-0.05129310344827587,0.05129310344827587,0.4051724137931034,0.0
20270849,"fast reversible, slow ramp",P,0.038922914036880134,0.03930175813253564,0.2893185074666318,0.00034306536946316496
20270849,slow reversible,Q,0.20875000000000005,0.20875000000000005,0.4000000000000001,0.06666666666666665
20270849,slow reversible,r_x,0.3424375607488778,0.3424382337070208,0.6683796521508851,0.14462517395215807
20270849,slow reversible,phi,-0.21594827586206897,0.21594827586206897,0.41379310344827586,-0.06896551724137928
20270849,slow reversible,P,0.15877440571576265,0.15877440571576265,0.33530986748244634,0.017471270274876473
20270849,"slow reversible, slow ramp",Q,0.09541666666666668,0.09541666666666668,0.39166666666666666,0.0
20270849,"slow reversible, slow ramp",r_x,0.1660517942305744,0.1661066299715124,0.653861089104975,0.042044144631997404
20270849,"slow reversible, slow ramp",phi,-0.09870689655172415,0.09870689655172415,0.4051724137931034,0.0
20270849,"slow reversible, slow ramp",P,0.07325325619868098,0.07363456685161933,0.2902872032610501,0.0009033933868561814
20270849,one-way boundary,Q,0.2750000000000001,0.2750000000000001,0.4000000000000001,0.4000000000000001
20270849,one-way boundary,r_x,0.4337855534126825,0.4337868522078004,0.6683838090247278,0.5683620457631393
20270849,one-way boundary,phi,-0.28448275862068967,0.28448275862068967,0.41379310344827586,-0.41379310344827586
20270849,one-way boundary,P,0.22739077030391064,0.22739077030391064,0.3965692935313658,0.24482085815570026
20270849,slow reversible + graph reset,Q,0.06250000000000003,0.06250000000000003,0.38333333333333336,0.0
20270849,slow reversible + graph reset,r_x,0.11776772408879613,0.11778549066475277,0.6599457675000158,0.042979391013324986
20270849,slow reversible + graph reset,phi,-0.06465517241379311,0.06465517241379311,0.39655172413793105,0.0
20270849,slow reversible + graph reset,P,0.0453740892820087,0.0453740892820087,0.2701450783281575,0.003740338950215742
20270850,no rewiring,Q,0.0,0.0,0.0,0.0
20270850,no rewiring,r_x,0.006561266481797138,0.007173831649795215,0.0442336299238964,0.0442336299238964
20270850,no rewiring,phi,0.0,0.0,0.0,0.0
20270850,no rewiring,P,0.005014669627073282,0.005014669627073282,0.011501199575041032,0.0035996957085526263
20270850,fast reversible,Q,0.13749999999999998,0.13749999999999998,0.3916666666666666,0.0
20270850,fast reversible,r_x,0.25111164210856424,0.25111969903894593,0.6646811563985972,0.08343147096190501
20270850,fast reversible,phi,-0.14102564102564102,0.14102564102564102,0.40170940170940167,0.0
20270850,fast reversible,P,0.10471142396429367,0.10471142396429367,0.29478697381405305,0.006759045589701383
20270850,"fast reversible, slow ramp",Q,0.05458333333333333,0.05458333333333333,0.3999999999999999,0.0
20270850,"fast reversible, slow ramp",r_x,0.09477273572613774,0.0947758051173513,0.675412352519714,0.020817226942740963
20270850,"fast reversible, slow ramp",phi,-0.055982905982906,0.055982905982906,0.41025641025641024,0.0
20270850,"fast reversible, slow ramp",P,0.040637460297117324,0.041044468238850516,0.29356145307058856,0.002402661593062849
20270850,slow reversible,Q,0.229375,0.229375,0.3999999999999999,0.14166666666666672
20270850,slow reversible,r_x,0.3747863856507907,0.37479113729864144,0.6782334358805919,0.26053287137968073
20270850,slow reversible,phi,-0.2352564102564103,0.2352564102564103,0.41025641025641024,-0.14529914529914528
20270850,slow reversible,P,0.1806561204122792,0.1806561204122792,0.35982923072726725,0.0449683890756693
20270850,"slow reversible, slow ramp",Q,0.10041666666666667,0.10041666666666667,0.3916666666666666,0.0
20270850,"slow reversible, slow ramp",r_x,0.17050468147018893,0.17051614334296958,0.6620861597845835,0.014914930638205981
20270850,"slow reversible, slow ramp",phi,-0.10299145299145299,0.10299145299145299,0.40170940170940167,0.0
20270850,"slow reversible, slow ramp",P,0.07119136630101605,0.07267672623575246,0.28532152590174953,0.001167561603914416
20270850,one-way boundary,Q,0.26583333333333325,0.26583333333333325,0.3999999999999999,0.3999999999999999
20270850,one-way boundary,r_x,0.42408323359108996,0.4240884741759212,0.6782311679111729,0.597840353276
20270850,one-way boundary,phi,-0.2726495726495726,0.2726495726495726,0.41025641025641024,-0.41025641025641024
20270850,one-way boundary,P,0.22345691035994528,0.22345691035994528,0.39870403538532634,0.24747676143303649
20270850,slow reversible + graph reset,Q,0.05499999999999998,0.05499999999999998,0.3833333333333332,0.0
20270850,slow reversible + graph reset,r_x,0.10321741576246984,0.10328586080982238,0.6615748037474107,0.044233629866929136
20270850,slow reversible + graph reset,phi,-0.05641025641025642,0.05641025641025642,0.39316239316239315,0.0
20270850,slow reversible + graph reset,P,0.04240311695152113,0.04240311695152113,0.26330960268466785,0.003599695700030256
20270851,no rewiring,Q,0.0,0.0,0.0,0.0
20270851,no rewiring,r_x,0.004670011304591071,0.0048391049621813,0.02527480395401116,0.019227753944509096
20270851,no rewiring,phi,0.0,0.0,0.0,0.0
20270851,no rewiring,P,0.003833717573783649,0.0038579829483826244,0.00808539631339053,0.005037015927856721
20270851,fast reversible,Q,0.12875,0.12875,0.39166666666666666,0.0
20270851,fast reversible,r_x,0.23760277628731558,0.23760277628731558,0.6933751749904342,0.02789189572381462
20270851,fast reversible,phi,-0.14174311926605507,0.14174311926605507,0.43119266055045874,0.0
20270851,fast reversible,P,0.09635081916896766,0.09635081916896766,0.29044785295836373,0.0078186262671565
20270851,"fast reversible, slow ramp",Q,0.04916666666666668,0.04916666666666668,0.39999999999999997,0.0
20270851,"fast reversible, slow ramp",r_x,0.10231128246030834,0.10231924468643064,0.6957615015328105,0.03585400193220273
20270851,"fast reversible, slow ramp",phi,-0.0541284403669725,0.0541284403669725,0.44036697247706424,0.0
20270851,"fast reversible, slow ramp",P,0.03718116272265739,0.03758330887162187,0.29351075637527446,-0.0006009865375977766
20270851,slow reversible,Q,0.22041666666666668,0.22041666666666668,0.39999999999999997,0.06666666666666665
20270851,slow reversible,r_x,0.37619109565870684,0.3761954372409456,0.6976332176462012,0.13911330008874273
20270851,slow reversible,phi,-0.24266055045871562,0.24266055045871562,0.44036697247706424,-0.07339449541284404
20270851,slow reversible,P,0.1654915284698473,0.1654915284698473,0.34490612854454117,0.022841230865273128
20270851,"slow reversible, slow ramp",Q,0.09083333333333335,0.09083333333333335,0.39166666666666666,0.0
20270851,"slow reversible, slow ramp",r_x,0.15208334753429884,0.15783840358102338,0.6817404141410165,0.004523733519776085
20270851,"slow reversible, slow ramp",phi,-0.10000000000000002,0.10000000000000002,0.43119266055045874,0.0
20270851,"slow reversible, slow ramp",P,0.06870939486504543,0.06921842956012851,0.2985512861078401,-0.001415263251664571
20270851,one-way boundary,Q,0.258125,0.258125,0.39166666666666666,0.39166666666666666
20270851,one-way boundary,r_x,0.43064992875770985,0.43069292631735184,0.6847932637699572,0.6020694398619248
20270851,one-way boundary,phi,-0.2841743119266056,0.2841743119266056,0.43119266055045874,-0.43119266055045874
20270851,one-way boundary,P,0.21585817179597908,0.2159684495565052,0.38761395163547663,0.2297579490994752
20270851,slow reversible + graph reset,Q,0.06624999999999999,0.06624999999999999,0.37499999999999994,0.0
20270851,slow reversible + graph reset,r_x,0.12149594977956449,0.12150029136180339,0.6531636045439071,0.019227754446654866
20270851,slow reversible + graph reset,phi,-0.07293577981651377,0.07293577981651377,0.41284403669724773,0.0
20270851,slow reversible + graph reset,P,0.04453426202863062,0.04453426202863062,0.2580902272431993,0.0050370115667123586
20270852,no rewiring,Q,0.0,0.0,0.0,0.0
20270852,no rewiring,r_x,0.006852144701546402,0.0074392906493182046,0.04358440846776118,0.030471069021486663
20270852,no rewiring,phi,0.0,0.0,0.0,0.0
20270852,no rewiring,P,0.005229551871639531,0.005229551871639531,0.015079957351686102,0.008553362706713231
20270852,fast reversible,Q,0.11875000000000002,0.11875000000000002,0.4,0.0
20270852,fast reversible,r_x,0.1828509197175229,0.21202087604025402,0.6640768037397169,-0.04090084273385708
20270852,fast reversible,phi,-0.12723214285714285,0.12723214285714285,0.42857142857142855,0.0
20270852,fast reversible,P,0.08727949640835159,0.08727949640835159,0.2993307289978778,0.0034594898753257594
20270852,"fast reversible, slow ramp",Q,0.05625000000000002,0.05625000000000002,0.3916666666666667,0.0
20270852,"fast reversible, slow ramp",r_x,0.09070900557705111,0.09642592395688242,0.6420556895395304,0.002728034134973689
20270852,"fast reversible, slow ramp",phi,-0.06026785714285716,0.06026785714285716,0.4196428571428571,0.0
20270852,"fast reversible, slow ramp",P,0.04331508464599787,0.04379597890538585,0.28708355043788925,0.0012974222627549215
20270852,slow reversible,Q,0.20979166666666668,0.20979166666666668,0.3916666666666667,0.07500000000000001
20270852,slow reversible,r_x,0.32735504220924727,0.32735504220924727,0.643799319684117,0.13675960153738914
20270852,slow reversible,phi,-0.22477678571428572,0.22477678571428572,0.4196428571428571,-0.08035714285714285
20270852,slow reversible,P,0.15673820270585084,0.15673820270585084,0.3150270978507898,0.03211339005996807
20270852,"slow reversible, slow ramp",Q,0.11333333333333334,0.11333333333333334,0.4,0.0
20270852,"slow reversible, slow ramp",r_x,0.17885998098453737,0.17886907374141803,0.6556909068062081,0.020641277093360166
20270852,"slow reversible, slow ramp",phi,-0.12142857142857144,0.12142857142857144,0.42857142857142855,0.0
20270852,"slow reversible, slow ramp",P,0.08602396891077618,0.08662518098695951,0.30423645275842903,0.000811307175378688
20270852,one-way boundary,Q,0.261875,0.261875,0.3916666666666667,0.3916666666666667
20270852,one-way boundary,r_x,0.400634853151035,0.40071781244770827,0.6456681180583081,0.5205895628945241
20270852,one-way boundary,phi,-0.2805803571428571,0.2805803571428571,0.4196428571428571,-0.4196428571428571
20270852,one-way boundary,P,0.21546262090130053,0.21546262090130053,0.380799413507239,0.23082200143647832
20270852,slow reversible + graph reset,Q,0.06291666666666668,0.06291666666666668,0.3666666666666667,0.0
20270852,slow reversible + graph reset,r_x,0.11610397495763293,0.11633151879005672,0.6202734837574104,0.030471067907094973
20270852,slow reversible + graph reset,phi,-0.0674107142857143,0.0674107142857143,0.39285714285714285,0.0
20270852,slow reversible + graph reset,P,0.045049338859469386,0.045049338859469386,0.2536926009785333,0.008553353852207145
20270853,no rewiring,Q,0.0,0.0,0.0,0.0
20270853,no rewiring,r_x,0.00630127023006069,0.0065137360960876405,0.02992364453882196,0.01705519404717637
20270853,no rewiring,phi,0.0,0.0,0.0,0.0
20270853,no rewiring,P,0.004079907954937763,0.00429624166373593,0.00943157367451479,0.0053068458252301595
20270853,fast reversible,Q,0.13416666666666663,0.13416666666666663,0.3999999999999999,0.0
20270853,fast reversible,r_x,0.2390530543277363,0.23905604974382919,0.6833262199034041,0.04671755373776271
20270853,fast reversible,phi,-0.13760683760683762,0.13760683760683762,0.41025641025641024,0.0
20270853,fast reversible,P,0.10776929579107353,0.10793410468719826,0.3090567234392114,0.007333016180351981
20270853,"fast reversible, slow ramp",Q,0.06250000000000001,0.06250000000000001,0.3999999999999999,0.0
20270853,"fast reversible, slow ramp",r_x,0.12428794796344309,0.12429012066474075,0.6794373384854763,0.03326258777877761
20270853,"fast reversible, slow ramp",phi,-0.06410256410256412,0.06410256410256412,0.41025641025641024,0.0
20270853,"fast reversible, slow ramp",P,0.05112324894420967,0.05142035282470797,0.3025012541648422,0.004116235390467973
20270853,slow reversible,Q,0.21812499999999999,0.21812499999999999,0.3916666666666666,0.07500000000000001
20270853,slow reversible,r_x,0.36556560550598693,0.36559063674180436,0.6805972776316294,0.14592829033955834
20270853,slow reversible,phi,-0.2237179487179487,0.2237179487179487,0.40170940170940167,-0.07692307692307693
20270853,slow reversible,P,0.16422075778022605,0.16438287707590474,0.32242509288274857,0.019721460035636934
20270853,"slow reversible, slow ramp",Q,0.0975,0.0975,0.3833333333333333,0.0
20270853,"slow reversible, slow ramp",r_x,0.16878993485243465,0.1691452369986513,0.654397931715556,-0.00526403691258126
20270853,"slow reversible, slow ramp",phi,-0.1,0.1,0.39316239316239315,0.0
20270853,"slow reversible, slow ramp",P,0.07602303787593244,0.07632482605342954,0.28862897215904004,0.0027140347527497694
20270853,one-way boundary,Q,0.2774999999999999,0.2774999999999999,0.3999999999999999,0.3999999999999999
20270853,one-way boundary,r_x,0.44778714223381655,0.4477890873655408,0.683326284473359,0.5862431828518981
20270853,one-way boundary,phi,-0.2846153846153846,0.2846153846153846,0.41025641025641024,-0.41025641025641024
20270853,one-way boundary,P,0.23164646073378026,0.23180649887912197,0.3999827772000277,0.24919869324687843
20270853,slow reversible + graph reset,Q,0.07166666666666667,0.07166666666666667,0.3916666666666666,0.0
20270853,slow reversible + graph reset,r_x,0.1340699411719074,0.1342336423758749,0.6805972776316294,0.01705519381028936
20270853,slow reversible + graph reset,phi,-0.0735042735042735,0.0735042735042735,0.40170940170940167,0.0
20270853,slow reversible + graph reset,P,0.04900553938044995,0.049167658676128656,0.27374293122346427,0.005306844644588339
20270854,no rewiring,Q,0.0,0.0,0.0,0.0
20270854,no rewiring,r_x,0.0037055917020178955,0.004629000334629092,0.021906758126679693,0.020288950198202982
20270854,no rewiring,phi,0.0,0.0,0.0,0.0
20270854,no rewiring,P,0.004606667399499026,0.004610748431679261,0.010119368816306734,0.0038254167697686775
20270854,fast reversible,Q,0.09958333333333334,0.09958333333333334,0.39166666666666666,0.0
20270854,fast reversible,r_x,0.18816496201423633,0.18821059562492612,0.6735226035596176,0.03176474179031241
20270854,fast reversible,phi,-0.10963302752293579,0.10963302752293579,0.43119266055045874,0.0
20270854,fast reversible,P,0.07533367808533042,0.07544492271247209,0.2919607646852498,0.004944375196012957
20270854,"fast reversible, slow ramp",Q,0.054583333333333345,0.054583333333333345,0.39166666666666666,0.0
20270854,"fast reversible, slow ramp",r_x,0.09006486176905923,0.09922490120905841,0.6746169293179705,-0.02525348387534526
20270854,"fast reversible, slow ramp",phi,-0.06009174311926607,0.06009174311926607,0.43119266055045874,0.0
20270854,"fast reversible, slow ramp",P,0.04001223273404014,0.04052407968223634,0.2866221628507253,8.869758012039486e-05
20270854,slow reversible,Q,0.21833333333333335,0.21833333333333335,0.38333333333333336,0.08333333333333337
20270854,slow reversible,r_x,0.3676814069097604,0.36772936397386496,0.665989821189704,0.13286797228970226
20270854,slow reversible,phi,-0.24036697247706423,0.24036697247706423,0.42201834862385323,-0.09174311926605505
20270854,slow reversible,P,0.1668776393476514,0.16698494235616543,0.32824297878799114,0.023677241677579716
20270854,"slow reversible, slow ramp",Q,0.11916666666666666,0.11916666666666666,0.39999999999999997,0.0
20270854,"slow reversible, slow ramp",r_x,0.20737677746752683,0.20738788497589183,0.6876232059977114,0.01287882846389754
20270854,"slow reversible, slow ramp",phi,-0.13119266055045875,0.13119266055045875,0.44036697247706424,0.0
20270854,"slow reversible, slow ramp",P,0.09296765803921253,0.09343588491653619,0.3168731900790562,0.002293501813094831
20270854,one-way boundary,Q,0.2729166666666667,0.2729166666666667,0.38333333333333336,0.38333333333333336
20270854,one-way boundary,r_x,0.4472322055511459,0.4472675342314692,0.6615531525439518,0.5643599789686878
20270854,one-way boundary,phi,-0.30045871559633036,0.30045871559633036,0.42201834862385323,-0.42201834862385323
20270854,one-way boundary,P,0.2173165783462199,0.217421847021929,0.37414892904613317,0.2124833922763536
20270854,slow reversible + graph reset,Q,0.05916666666666667,0.05916666666666667,0.36666666666666664,0.0
20270854,slow reversible + graph reset,r_x,0.10885716515576158,0.10918212704800945,0.65284419958754,0.020288950227162816
20270854,slow reversible + graph reset,phi,-0.06513761467889909,0.06513761467889909,0.4036697247706422,0.0
20270854,slow reversible + graph reset,P,0.04177377052196027,0.04188107353047428,0.2501649175983838,0.0038254102095978057
20270855,no rewiring,Q,0.0,0.0,0.0,0.0
20270855,no rewiring,r_x,0.005510273934112968,0.006299355776608171,0.025741879761370656,0.019611131444943863
20270855,no rewiring,phi,0.0,0.0,0.0,0.0
20270855,no rewiring,P,0.004046571931530358,0.004111703700894038,0.010685948691357722,0.0036819020443948844
20270855,fast reversible,Q,0.12874999999999998,0.12874999999999998,0.3999999999999999,0.0
20270855,fast reversible,r_x,0.24314673282479837,0.24314673282479837,0.6767341517630823,0.07401916402291409
20270855,fast reversible,phi,-0.13205128205128205,0.13205128205128205,0.41025641025641024,0.0
20270855,fast reversible,P,0.10151489254607585,0.10166935797792939,0.30844723353714476,0.0070588698698108784
20270855,"fast reversible, slow ramp",Q,0.05208333333333334,0.05208333333333334,0.3916666666666666,0.0
20270855,"fast reversible, slow ramp",r_x,0.11718763091080205,0.11719695912992065,0.6633918315591962,0.09287830188919438
20270855,"fast reversible, slow ramp",phi,-0.05341880341880343,0.05341880341880343,0.40170940170940167,0.0
20270855,"fast reversible, slow ramp",P,0.041235868901491675,0.041531979843848967,0.29185668034296064,0.003254281912851549
20270855,slow reversible,Q,0.21604166666666666,0.21604166666666666,0.3916666666666666,0.10833333333333334
20270855,slow reversible,r_x,0.35767960432370627,0.35773020291072066,0.6781256285816393,0.16277812861067864
20270855,slow reversible,phi,-0.22158119658119657,0.22158119658119657,0.40170940170940167,-0.1111111111111111
20270855,slow reversible,P,0.15860419288079528,0.15871122452335457,0.30861128580687314,0.02777574016244362
20270855,"slow reversible, slow ramp",Q,0.10208333333333333,0.10208333333333333,0.3999999999999999,0.0
20270855,"slow reversible, slow ramp",r_x,0.15837583790237392,0.17183218080150114,0.6770312318548775,-0.030690362734194232
20270855,"slow reversible, slow ramp",phi,-0.1047008547008547,0.1047008547008547,0.41025641025641024,0.0
20270855,"slow reversible, slow ramp",P,0.07673505084616783,0.0775901651390489,0.2999222609135338,0.00031620123188365323
20270855,one-way boundary,Q,0.2772916666666666,0.2772916666666666,0.3916666666666666,0.3916666666666666
20270855,one-way boundary,r_x,0.4452273568348654,0.4452323154444404,0.6631098608764959,0.5567770206783501
20270855,one-way boundary,phi,-0.2844017094017094,0.2844017094017094,0.40170940170940167,-0.40170940170940167
20270855,one-way boundary,P,0.22411838434021908,0.22426075940259496,0.3827098191886011,0.22741589343446245
20270855,slow reversible + graph reset,Q,0.07041666666666667,0.07041666666666667,0.3916666666666666,0.0
20270855,slow reversible + graph reset,r_x,0.13093480315252304,0.13123179261149978,0.6781256285816393,0.019611131274728688
20270855,slow reversible + graph reset,phi,-0.07222222222222222,0.07222222222222222,0.40170940170940167,0.0
20270855,slow reversible + graph reset,P,0.04867877734076477,0.04878580898332406,0.26642963774747486,0.0036819021175488256
