step,branch,alpha,G,M,L,C,dwell,neutralized
0,up,0.0,0.002044836461555062,0.0,9.870862049830113e-05,0.00019861872462723914,50.0,none
1,up,0.025,0.0023797386620703154,9.453251236636114e-05,0.00022262689247691365,0.000424129372456571,50.0,none
2,up,0.05,0.0027703917578606,0.0002987216888722848,0.0003767708560329365,0.0006794995848130781,50.0,none
3,up,0.07500000000000001,0.0032265076155398296,0.000621310400418922,0.0005681778539137456,0.0009700015112164023,50.0,none
4,up,0.1,0.003759648570301695,0.0010658704713529144,0.0008054182825862453,0.0013018304511860231,50.0,none
5,up,0.125,0.004383628836158147,0.0016331927646698614,0.0010989377720441989,0.0016822858869530272,50.0,none
6,up,0.15000000000000002,0.005115028028537905,0.0023242727200184676,0.0014614821946095696,0.0021199936725280074,50.0,none
7,up,0.17500000000000002,0.00597386039737257,0.0031432972728879403,0.0019086295803976622,0.0026251818773965914,50.0,none
8,up,0.2,0.006984462109283619,0.004100211936239579,0.0024594623174744082,0.0032100278805383786,50.0,none
9,up,0.225,0.008176687565281508,0.00521272085061533,0.003137426664770652,0.003889101703932135,50.0,none
10,up,0.25,0.009587551727740135,0.006507855412844778,0.003971447047332704,0.004679941615980587,50.0,none
11,up,0.275,0.01126353196051282,0.00802347562927723,0.004997394094109922,0.005603815120513939,50.0,none
12,up,0.30000000000000004,0.013263874260490168,0.009810231788631033,0.006260055546374623,0.006686745872283442,50.0,none
13,up,0.325,0.015665482146617563,0.011934658365436137,0.007815842122331943,0.007960932752840807,50.0,none
14,up,0.35000000000000003,0.01857039897249315,0.014484299256645692,0.009736603407221475,0.009466766590907878,50.0,none
15,up,0.375,0.022117738965365237,0.01757625137772062,0.012115187303148403,0.01125579399353288,50.0,none
16,up,0.4,0.026503680658787394,0.021371604650686153,0.015073871022109463,0.013395254378344343,50.0,none
17,up,0.42500000000000004,0.03201709840843802,0.02610073870809054,0.018777805421545894,0.015975385684463963,50.0,none
18,up,0.45,0.039108269422948115,0.03211043294148009,0.023457882715722998,0.019121972751041865,50.0,none
19,up,0.47500000000000003,0.04853605078701733,0.03995987167428198,0.029453122992585724,0.02301982787159915,50.0,none
20,up,0.5,0.06173376883121001,0.05064350781528137,0.03729932405551533,0.027962339434398235,50.0,none
21,up,0.525,0.08195596585668785,0.06622307460702727,0.04795213642916508,0.03447717780137754,50.0,none
22,up,0.55,0.11982804865422109,0.0924007949034023,0.06357115441321029,0.04377144964905014,50.0,none
23,up,0.5750000000000001,0.3854745219388993,0.17648851589721104,0.09632715265260745,0.06277696704797915,50.0,none
24,up,0.6000000000000001,0.9811489419040296,0.6510234704570272,0.23667593449137078,0.144542286322879,50.0,none
25,up,0.625,0.9939258667058549,0.8621194480618661,0.36791483257036284,0.22516461566941096,50.0,none
26,up,0.65,0.9971258069981372,0.9412723821882217,0.48012168269408556,0.29861420901506125,50.0,none
27,up,0.675,0.9983906617152247,0.970334291284031,0.5749657576261764,0.36522301397773493,50.0,none
28,up,0.7000000000000001,0.9990208841243077,0.9813653410379484,0.654515884426092,0.42555622563512513,50.0,none
29,up,0.7250000000000001,0.999374882201573,0.9861035191517201,0.7207797532194508,0.48017972668829084,50.0,none
30,up,0.75,0.9995874628639656,0.9886567188566063,0.7756137522339098,0.5296225812862724,50.0,none
31,up,0.775,0.9997207149502074,0.9904170656807966,0.8206980924502185,0.5743704294327356,50.0,none
32,up,0.8,0.9998069343828064,0.9918499262846067,0.857531690312901,0.6148659911267764,50.0,none
33,up,0.8250000000000001,0.9998641773236662,0.9931141791351447,0.8874359465899888,0.6515115743748403,50.0,none
34,up,0.8500000000000001,0.9999030220649952,0.9942687810952967,0.9115635067431814,0.6846721507142369,50.0,none
35,up,0.875,0.9999298838148157,0.9953395517451461,0.9309100034160752,0.7146785042226067,50.0,none
36,up,0.9,0.9999487650433934,0.9963405158804634,0.9463275070717652,0.7418302627683073,50.0,none
37,up,0.925,0.9999622254773678,0.997280866386099,0.9585387807296792,0.7663987364545027,50.0,none
38,up,0.9500000000000001,0.9999719388739284,0.9981674072817229,0.9681516717016294,0.7886295383005718,50.0,none
39,up,0.9750000000000001,0.9999790218595677,0.9990055347712942,0.9756731482380494,0.8087449851029129,50.0,none
40,up,1.0,0.9999842330438019,0.9997997049570961,0.9815226280422693,0.8269462869841291,50.0,none
41,down,0.975,0.9999802725534114,0.9993268710263704,0.9858860253297514,0.8434151864918875,50.0,none
42,down,0.95,0.9999751981303652,0.9985882333591509,0.9891577303005721,0.8583165070139268,50.0,none
43,down,0.925,0.9999687140314726,0.9977646333766458,0.9916234791279218,0.8717993826733107,50.0,none
44,down,0.9,0.9999604296066548,0.9968876820070024,0.9934912556110994,0.8839987398961302,50.0,none
45,down,0.875,0.9999498406372916,0.9959604934695402,0.9949131510152401,0.8950366452714359,50.0,none
46,down,0.85,0.9999362988040755,0.9949801958168841,0.9960008909651312,0.90502352415226,50.0,none
47,down,0.825,0.999918970911978,0.9939422344384069,0.9968369118610408,0.9140592618387818,50.0,none
48,down,0.8,0.9998967860087047,0.9928411587522759,0.9974822958392263,0.922234198064916,50.0,none
49,down,0.775,0.9998683671215636,0.9916706891113427,0.9979824782504706,0.9296300243882089,50.0,none
50,down,0.75,0.9998319431661653,0.9904236132858814,0.9983713683383936,0.936320593014458,50.0,none
51,down,0.725,0.9997852351951856,0.9890916203162865,0.9986743339115662,0.9423726445698563,50.0,none
52,down,0.7,0.9997253093659829,0.9876650885001268,0.9989103682584034,0.9478464613474137,50.0,none
53,down,0.675,0.9996483866436375,0.986132823532319,0.9990936645694133,0.9527964515782368,50.0,none
54,down,0.6499999999999999,0.9995495961062264,0.9844817363455174,0.9992347575183315,0.9572716692828961,50.0,none
55,down,0.625,0.9994226544809478,0.9826964463059233,0.9993413450113191,0.9613162732068518,50.0,none
56,down,0.6,0.9992594487775517,0.9807587914551389,0.9994188696114229,0.9649699271876868,50.0,none
57,down,0.575,0.9990494909553758,0.9786472226663254,0.9994709146960715,0.968268142973553,50.0,none
58,down,0.55,0.9987792024891586,0.9763360524544213,0.9994994520927544,0.9712425649159898,50.0,none
59,down,0.5249999999999999,0.9984309709835625,0.9737945212658231,0.9995049636167772,0.9739211939556839,50.0,none
60,down,0.5,0.9979818982482765,0.9709856337200384,0.9994864469322244,0.9763285456946373,50.0,none
61,down,0.475,0.9974021256220458,0.9678647035313501,0.99944130502898,0.978485733771824,50.0,none
62,down,0.44999999999999996,0.9966525713744767,0.9643775272522586,0.999365106902266,0.9804104647014777,50.0,none
63,down,0.42499999999999993,0.995681835610895,0.9604580812622785,0.9992511929842262,0.9821169229158343,50.0,none
64,down,0.3999999999999999,0.9944219004645867,0.956025599804699,0.9990900800145166,0.9836155134754465,50.0,none
65,down,0.375,0.9927820408296438,0.950980837842803,0.9988685923275155,0.9849124121041785,50.0,none
66,down,0.35,0.9906399925417799,0.945201239216665,0.9985686028991946,0.9860088429417472,50.0,none
67,down,0.32499999999999996,0.9878287563390828,0.9385345950964743,0.9981651945759717,0.9868999541217404,50.0,none
68,down,0.29999999999999993,0.9841161349288459,0.9307905424508853,0.99762392276876,0.9875730703776887,50.0,none
69,down,0.2749999999999999,0.979171482043357,0.9217288102068466,0.9968966172577601,0.988004927431864,50.0,none
70,down,0.25,0.9725083491632958,0.9110422082353653,0.9959146655502474,0.9881571330305368,50.0,none
71,down,0.22499999999999998,0.9633775523174312,0.8983302448307912,0.9945776161670442,0.9879682864347666,50.0,none
72,down,0.19999999999999996,0.9505457033410132,0.8830536526151708,0.9927321633396703,0.9873391193809288,50.0,none
73,down,0.17499999999999993,0.9317621672290146,0.8644422272404705,0.9901283227601458,0.986100812406033,50.0,none
74,down,0.1499999999999999,0.9021325025456357,0.8412540046501302,0.9863080132027326,0.9839326676569761,50.0,none
75,down,0.125,0.8462104624552187,0.8107821820047281,0.980188141612882,0.980047774132942,50.0,none
76,down,0.09999999999999998,0.14307746380622433,0.7206488456575006,0.9541332560192833,0.9608856767528985,50.0,none
77,down,0.07499999999999996,0.07984138377458673,0.6175184917739225,0.912084628999936,0.9291317897600343,50.0,none
78,down,0.04999999999999993,0.0515625283342329,0.5461705559415563,0.8704119148131675,0.8973039112415132,50.0,none
79,down,0.02499999999999991,0.03539568087072533,0.5004664344900546,0.8298476880721027,0.8659544490387584,50.0,none
80,down,0.0,0.025110543518970428,0.47605720823804176,0.7906802974518238,0.8353127491889966,50.0,none
