link,seed,signed_area,absolute_area,max_absolute_gap,endpoint_state_deficit,endpoint_G_gap
logistic,270000,0.4467716673480487,0.4494110426209143,0.9862713356744219,0.6530722214404028,0.027912688249672152
logistic,270001,0.44586803723865864,0.44680904285100415,0.9783078480671279,0.6528044132865131,0.028762434051992924
logistic,270002,0.4449965689674226,0.44843126538405437,0.9925296889331249,0.6562728989789196,0.008835881693735547
logistic,270003,0.44564309972383576,0.4468353879735417,0.9797822640232667,0.6556314414704258,0.016340724778210202
logistic,270004,0.44854303910385523,0.4496869940072838,0.9867563508511253,0.656378011943986,0.04698320745605618
logistic,270005,0.4495935257144569,0.45124014825379294,0.9839642847587965,0.6558707084107878,0.029656632403841046
logistic,270006,0.44470069603025464,0.44745479767344026,0.9794789829473766,0.655469184017895,0.026567356748051
logistic,270007,0.44801261441248447,0.4485385748808077,0.9884249388727625,0.6561717888741104,0.043152707818837205
logistic,270008,0.447992573546315,0.44870607926186884,0.9897720649498074,0.6550349384517655,0.016745350316593757
logistic,270009,0.4468060592202465,0.4487063627806073,0.9793875907721473,0.6557869727707535,0.028890624326915235
logistic,270010,0.44361296397325034,0.4447066086007247,0.9724346082448807,0.6524065698494872,0.029792848410512385
logistic,270011,0.44333542051679287,0.4452631538190819,0.9754321235728083,0.6535558169025286,0.04757217273463671
logistic,270012,0.4455028765541406,0.4499784693226846,0.9793906338204056,0.6544062924075943,0.025193751430201954
logistic,270013,0.44528574606221594,0.44818750440360616,0.9830923025677675,0.6574517051919585,0.014594448830150108
logistic,270014,0.4421684576543653,0.44452253316037904,0.9767028135434623,0.6533958649202976,0.017197643172852
logistic,270015,0.4459397882394712,0.4472321079594899,0.9781945530563351,0.656073239636382,0.01327418546184841
logistic,270016,0.44508182464022017,0.4456778963870781,0.9762097641778299,0.6564810776220341,0.04905778930065644
logistic,270017,0.44732767300130705,0.4493578207227501,0.9915644349174305,0.6563005992161424,0.02449228082074287
logistic,270018,0.44616575134615416,0.4474663716815747,0.9750401409379897,0.6509184023330363,0.032955290269109476
logistic,270019,0.44635090783019943,0.44918599147852484,0.991342020564466,0.6537363125462886,0.038592283964370436
logistic,270020,0.4463443071351946,0.44808329043216305,0.9903255703253022,0.6570318252823387,0.03735463737185994
logistic,270021,0.44125367477172417,0.4437253986039487,0.976326902107867,0.654209222126893,0.016748524861341228
logistic,270022,0.44353997827474384,0.44640592259180384,0.9820992974600187,0.6584582005619999,0.03230212894604693
logistic,270023,0.4419348027666008,0.4458784621712509,0.97983570116725,0.6530577872914374,0.023024562700836207
logistic,270024,0.44039986273532883,0.4453649620503156,0.9704360695933911,0.6578760439433837,0.02128975006707514
logistic,270025,0.444710835584048,0.4464637708693824,0.9829494294570031,0.6530474829552413,0.022903842247927467
logistic,270026,0.4451711551357831,0.4486752837376762,0.9866499260192996,0.6543022844924818,0.021678111539322104
logistic,270027,0.4457594413905375,0.4483451275369425,0.975339618814874,0.6586188007195961,0.016440371783684505
logistic,270028,0.4463626549262082,0.4480584020666486,0.9767696578500257,0.6569747286984553,0.025459615724311272
logistic,270029,0.4447160061842884,0.4482639128908557,0.9782614528227163,0.6540217527812048,0.0327920790858358
logistic,270030,0.4474573204519323,0.4480319858223092,0.982764406042222,0.6541318148639246,0.036191738564971446
logistic,270031,0.4427614518992101,0.4471115768684118,0.9829045347052752,0.6543901506003256,0.039682558890145804
logistic,270032,0.44833796094655864,0.4490620838090194,0.974548331760692,0.6553571883655321,0.022238325920598812
logistic,270033,0.4474939796873313,0.44821321887846594,0.9852843079415445,0.6555907596708501,0.017960291411839722
logistic,270034,0.44873163635603247,0.4515552421103727,0.9823897941397355,0.6551285824890825,0.03993669173806059
logistic,270035,0.44606294899377175,0.447612248773491,0.9758674630848295,0.6563080258495281,0.02152636509898797
logistic,270036,0.4481238150665199,0.4505187716370241,0.9904455027243689,0.6570603122371413,0.016661779469701175
logistic,270037,0.4423840406542955,0.4464089539087848,0.9754782474427192,0.6508561500479585,0.03870954838848453
logistic,270038,0.4482799225954085,0.44894896304947396,0.9797606197234041,0.6533497489050754,0.0133419228542545
logistic,270039,0.4457888732626461,0.44693639067962154,0.9836439187264914,0.654089231071637,0.04224489567963589
logistic,270040,0.4470702845055593,0.44924785047944815,0.9972373221267198,0.6571172820331531,0.02741997499070049
logistic,270041,0.4430717581958037,0.44552442352572963,0.9820617672193158,0.6546854277672566,0.03145373141408587
logistic,270042,0.44517658111718955,0.44772773637810676,0.9681161667225651,0.6561921093140337,0.031596123137072066
logistic,270043,0.44984677198008693,0.45017357137271585,0.9776220290899855,0.6567369113386455,0.03173488751576711
logistic,270044,0.44382684734298655,0.44557318508331395,0.965464806847767,0.6593658450034237,0.021732654302040577
logistic,270045,0.44487382258703384,0.4472905748460723,0.9986683538104015,0.6548067733645528,0.012903869911873946
logistic,270046,0.44439855422243263,0.44757880151530577,0.9813925214046122,0.6541727987614355,0.010840724224442903
logistic,270047,0.44406199847659594,0.4450307952618711,0.99735749888424,0.6511631614746665,0.02235130860351444
logistic,270048,0.4447680326782596,0.4471352806392222,0.9750093436917734,0.6539760060448393,0.01988975705589825
logistic,270049,0.44745116548565383,0.44985892372647734,0.9749159869375614,0.6561202299856785,0.019740111925645235
logistic,270050,0.4448255602982163,0.4477470672359388,0.9873130087162884,0.6558534552707794,0.026309028315918873
logistic,270051,0.4486892496899315,0.4496996741771081,0.9887443498114008,0.655142576329944,0.029973234328639034
logistic,270052,0.445242651475331,0.4484309769553961,0.9843128907932996,0.6553368461524494,0.017098159131921302
logistic,270053,0.4466500842611638,0.4485176384528336,0.978728778873733,0.6507303571379685,0.025029065736709686
logistic,270054,0.4432299081344812,0.44531821200471067,0.9761741398559013,0.6550465111017684,0.02213190874352481
logistic,270055,0.44289341386464703,0.44510907086319634,0.9800609098317823,0.654226306049906,0.017682428719805146
logistic,270056,0.4445656813886349,0.44599439189116347,0.9733398239705158,0.6563266286617337,0.01785515454396199
logistic,270057,0.44591322113386955,0.4479707609438909,0.9803885861476818,0.6572273244858858,0.030047065435350073
logistic,270058,0.44599880752299603,0.4482069154826869,0.9776154554358426,0.6572826134265243,0.045011037028644243
logistic,270059,0.4434908096467924,0.4457915863557036,0.972429940690338,0.6528326758478296,0.016313939093367844
logistic,270060,0.4411156088109757,0.4434555749681638,0.9806773792388515,0.652187046980153,0.01155997662473433
logistic,270061,0.4458911635903133,0.44807646957703684,0.982405324898043,0.6520312870716043,0.0050258618893399675
logistic,270062,0.4444176699782705,0.4463746242420182,0.9861046242844606,0.6544535787394834,0.0120081758510115
logistic,270063,0.446549631585558,0.4478304603481793,0.98563191504938,0.6570817372832671,0.023506411973160602
probit,270000,0.478654273263236,0.48132168737990255,0.9962453252771968,0.6619408428703213,0.015422785121579912
probit,270001,0.4721105863397741,0.47316814156217046,0.9959320700399907,0.6679558863429303,0.014887959218732759
probit,270002,0.46197318120690395,0.46542327377335185,1.0,0.6688339345037057,-5.1168695672463004e-05
probit,270003,0.4647234073930678,0.46590869777744415,0.9916826515035283,0.6682303875278512,0.0028087982665353497
probit,270004,0.4713303425050787,0.4724736636360541,0.9991101574887128,0.6678659066480105,0.032573679873580084
probit,270005,0.49223614430896334,0.49393258313900773,0.9962823124711463,0.6731637467809582,0.016779746244442756
probit,270006,0.47022384836037684,0.4730230732120558,0.9981418361747134,0.6695650832820125,0.012745709071395323
probit,270007,0.4918520014675869,0.49239044785794794,1.0,0.6744668195385539,0.029170564517340233
probit,270008,0.4634546034645376,0.4641746097110544,0.9969213703424094,0.6663794570666405,0.002584589660590112
probit,270009,0.47651357225072943,0.47839780704411583,0.9963791341276763,0.6692530484598062,0.01523986499886639
probit,270010,0.46528744422971496,0.4667472033017614,0.9926565121103839,0.6629996915560329,0.016329945332407
probit,270011,0.46803201218748464,0.46995151609016333,0.9860735652302755,0.6656262276423092,0.033517238869743414
probit,270012,0.45944799786930796,0.4639902146931483,1.0,0.6644684832297248,0.011507959919522196
probit,270013,0.47822166074996725,0.4812965573393865,0.995252747353201,0.6718463405087275,0.0028042091905581532
probit,270014,0.47285740345092414,0.475205606350486,0.9933913925452319,0.6650522774254743,0.0042670016950803104
probit,270015,0.46679221915844216,0.46817919043025163,0.9939810840692874,0.6717509307328469,0.00010057032499699502
probit,270016,0.4725068467699791,0.4731044162368371,0.9962964483442567,0.6684960516391788,0.0350346166117703
probit,270017,0.473697631035305,0.4757471799516355,0.9986954377369542,0.6697409881146635,0.010669180429072762
probit,270018,0.4661349834982137,0.4674354546535753,0.9924719542241427,0.65989622226057,0.019308898954760158
probit,270019,0.47066420813539583,0.4736544857015111,0.9948043005693008,0.6711941008818213,0.02493801698540255
probit,270020,0.46439136277127313,0.466101929647814,0.9970159387074944,0.6689075960461849,0.023228932488163757
probit,270021,0.4727732511736691,0.476175911255383,0.9917602466703552,0.6661347180350894,0.004070761621065599
probit,270022,0.48430712270233106,0.4872928972119277,0.9999483251826972,0.6729262403982714,0.018287069895622263
probit,270023,0.4699029268787061,0.4738045506953445,0.9955553550670077,0.6628909208150633,0.00978498537813575
probit,270024,0.47939745517815513,0.48433839152991615,0.98625694715716,0.6727113547263283,0.007763320687770121
probit,270025,0.4710187954428765,0.4727722495410438,0.9911255338174296,0.6645140413451069,0.009092740926160402
probit,270026,0.47667404217865805,0.48016431473321963,1.0,0.6703599521310312,0.008085560295302222
probit,270027,0.4793913129617565,0.48222664010378197,0.9902106769896137,0.6734686533799737,0.0031703442223813072
probit,270028,0.4802017164245754,0.4823626163624858,0.9957171458498925,0.6721886302527637,0.01210359445457201
probit,270029,0.47057770540088645,0.47415264376019345,0.9953724706424403,0.6625158742789924,0.02054727315299379
probit,270030,0.4759756434475577,0.4765658088410984,0.9964615536217437,0.6683877367102087,0.02265227874045738
probit,270031,0.46580902358730625,0.4702104701770997,0.9936808388723466,0.6646477342495251,0.025045680992148135
probit,270032,0.49124512752211,0.49193721903543963,0.9953962544635123,0.671746959829748,0.008563261088346727
probit,270033,0.478834122565675,0.4795444064142473,0.999774221968695,0.6686863491020165,0.005912138190162011
probit,270034,0.48062293119285204,0.4834480214901556,0.9957817274534868,0.6650820223178198,0.0260924042501485
probit,270035,0.48030289944618604,0.48191839870792713,0.9961464842486092,0.6699348545482409,0.007698084014830988
probit,270036,0.4689687373744469,0.4714003694402137,1.0,0.6705299819378352,0.0034806824925687034
probit,270037,0.45580238271375334,0.45998895933357026,0.9921416675296502,0.6632079064510774,0.024718534792197065
probit,270038,0.4857098787334132,0.4864681279634561,0.9962228400888152,0.6696420518839543,0.0003840628595327538
probit,270039,0.46598733909320494,0.4671661236384199,0.9937381443113599,0.6668500981034631,0.02814640901065106
probit,270040,0.46841963370508305,0.47055524673228233,1.0,0.6711717467005004,0.013598593629687855
probit,270041,0.46810709460505906,0.47057494653714643,0.9982539930233335,0.6681073118197887,0.017738330627039965
probit,270042,0.4759795377061284,0.47854911954821416,0.9860143843380639,0.6714418124362662,0.01772006101793889
probit,270043,0.4689691826338556,0.46929428011218804,0.9957618049021568,0.6683530538961726,0.017524908875180212
probit,270044,0.4863246221952792,0.4880896253870984,0.9864208788377551,0.6742889657041549,0.00781929080883196
probit,270045,0.46800399530378395,0.47069663127091943,1.0,0.6682045542051276,-5.1168695672463004e-05
probit,270046,0.45678817053628107,0.45996939418458177,0.9941673408468837,0.6650399831696556,0.0030910096149642063
probit,270047,0.4696018183840192,0.4706012244696624,1.0,0.6623961621028108,0.013338170499047146
probit,270048,0.46273926300796964,0.4651511764065399,0.9978534023754798,0.6649953635154676,0.007562904912313948
probit,270049,0.4746702456008,0.47712317309454505,0.9922564083784079,0.672796865401854,0.005963721042696471
probit,270050,0.48462900209485,0.487532286196402,1.0,0.6719101571606537,0.01223181702554723
probit,270051,0.4788457852487568,0.48006968771721015,0.9982411774327111,0.6696016346639111,0.01566094974651505
probit,270052,0.4589393198168827,0.46210440067769804,1.0,0.6650215669049319,0.003010725811250105
probit,270053,0.4711896199131776,0.47306467484108955,0.9947345548756399,0.6611235908796093,0.011524128229296772
probit,270054,0.463970301283804,0.4660466279938354,0.9914359554611651,0.6694380925337847,0.008510048570736686
probit,270055,0.46910565716129765,0.47131953291468587,0.9942996777605747,0.6657553436424244,0.0037001157929944404
probit,270056,0.4723507599710615,0.4740896151606454,0.9928978968277896,0.6686869945327355,0.00396568584850345
probit,270057,0.46964906947633356,0.4719938245321794,0.9967686045472891,0.6713831308144532,0.015837412008094593
probit,270058,0.4773561048741011,0.47970878000676964,0.988745471135469,0.6711990340307479,0.03106681657251638
probit,270059,0.46549576096322853,0.46801573679229225,0.9918309734047336,0.6649139483552313,0.0026350366119215858
probit,270060,0.47166046387068067,0.4743445103213625,0.9977729698648017,0.6696166481654565,0.002457889477534227
probit,270061,0.4742930321376221,0.4766833898320155,0.9966747322544577,0.6670389124548279,-5.1168695672463004e-05
probit,270062,0.47132246744326306,0.47335084935840666,0.9922105059050834,0.6629573943600308,-5.1168695672463004e-05
probit,270063,0.4842178352784333,0.4855707464541387,1.0,0.6717802481532692,0.009628836759100515
