label,step,branch,alpha,dwell,link,ablated,reset_channels,reset_target,freeze_after_reset,recovery_multiplier,reset_applied_here,G,M,L,C
none,0,up,0.0,50.0,logistic,none,none,none,False,1.0,False,0.0020448364975812626,0.0,9.871344499494516e-05,0.00019862605479112498
none,1,up,0.03333333333333333,50.0,logistic,none,none,none,False,1.0,False,0.0025029324785455533,0.00013159935951748394,0.00023374505884831673,0.0004359850340654468
none,2,up,0.06666666666666667,50.0,logistic,none,none,none,False,1.0,False,0.0030654383533482827,0.000426373662091424,0.0004159268197644787,0.0007195104162597072
none,3,up,0.1,50.0,logistic,none,none,none,False,1.0,False,0.003757304123247494,0.0009074198371457932,0.0006602234776100513,0.0010600802914573744
none,4,up,0.13333333333333333,50.0,logistic,none,none,none,False,1.0,False,0.004610061481499602,0.0015922388774949,0.0009861054859565828,0.0014712131324571835
none,5,up,0.16666666666666666,50.0,logistic,none,none,none,False,1.0,False,0.005663871998069361,0.0024984787309673346,0.0014189482006142706,0.001969790464008456
none,6,up,0.2,50.0,logistic,none,none,none,False,1.0,False,0.006970412546598824,0.0036511987459059347,0.0019919170748673816,0.002577019425939436
none,7,up,0.23333333333333334,50.0,logistic,none,none,none,False,1.0,False,0.00859706650557227,0.005090504552365644,0.0027485494249790197,0.003319742755957588
none,8,up,0.26666666666666666,50.0,logistic,none,none,none,False,1.0,False,0.010633217099108977,0.006879216070052647,0.0037463659500441174,0.004232268835360596
none,9,up,0.3,50.0,logistic,none,none,none,False,1.0,False,0.01320006048183716,0.009111420212119426,0.005062060548431158,0.005359009223298048
none,10,up,0.3333333333333333,50.0,logistic,none,none,none,False,1.0,False,0.016466610738391965,0.011924214002242063,0.00679921537405936,0.006758424780048758
none,11,up,0.36666666666666664,50.0,logistic,none,none,none,False,1.0,False,0.02067728956892469,0.015517027013555394,0.009100274067289681,0.008509206151885319
none,12,up,0.4,50.0,logistic,none,none,none,False,1.0,False,0.026202930383001744,0.020187024609889748,0.01216618461942087,0.010720527761662676
none,13,up,0.43333333333333335,50.0,logistic,none,none,none,False,1.0,False,0.03364407132623553,0.02639939164108085,0.016291086045351042,0.013550384640979286
none,14,up,0.4666666666666667,50.0,logistic,none,none,none,False,1.0,False,0.0440679518206541,0.03494159026474853,0.02193010073332903,0.017241909060046596
none,15,up,0.5,50.0,logistic,none,none,none,False,1.0,False,0.059662178923380604,0.04731853176833577,0.02985311994401185,0.022206856045255022
none,16,up,0.5333333333333333,50.0,logistic,none,none,none,False,1.0,False,0.08619134874434972,0.06706864571470456,0.04159070167703358,0.02927080776887561
none,17,up,0.5666666666666667,50.0,logistic,none,none,none,False,1.0,False,0.15200918020904294,0.10757368561499447,0.06163676515500085,0.04090035158032538
none,18,up,0.6,50.0,logistic,none,none,none,False,1.0,False,0.9693331315857276,0.5328145018434326,0.1767520652269293,0.10647584776274131
none,19,up,0.6333333333333333,50.0,logistic,none,none,none,False,1.0,False,0.9928810837197899,0.8221093214995902,0.3191595287522151,0.19043082245546195
none,20,up,0.6666666666666666,50.0,logistic,none,none,none,False,1.0,False,0.9971994835294868,0.9301660148262696,0.44213140556598635,0.26717738960021536
none,21,up,0.7,50.0,logistic,none,none,none,False,1.0,False,0.9986250010030602,0.9687282910719426,0.5465134131880691,0.33679930246783873
none,22,up,0.7333333333333333,50.0,logistic,none,none,none,False,1.0,False,0.9992508366475077,0.9826853030920307,0.6341871603383972,0.39985995672886865
none,23,up,0.7666666666666666,50.0,logistic,none,none,none,False,1.0,False,0.999567857099549,0.9883434362448505,0.7071441635888495,0.45694794546219447
none,24,up,0.8,50.0,logistic,none,none,none,False,1.0,False,0.9997411876014636,0.9912559926419344,0.7673161857761636,0.5086170893572538
none,25,up,0.8333333333333334,50.0,logistic,none,none,none,False,1.0,False,0.999840529562325,0.9932240662382874,0.8165133313507172,0.5553762616564167
none,26,up,0.8666666666666667,50.0,logistic,none,none,none,False,1.0,False,0.9998994429429369,0.9948159660951799,0.8563936033257643,0.5976892886835099
none,27,up,0.9,50.0,logistic,none,none,none,False,1.0,False,0.999935353861503,0.9962138411209059,0.888448129387234,0.635977482137405
none,28,up,0.9333333333333333,50.0,logistic,none,none,none,False,1.0,False,0.9999577575072477,0.9974821648988607,0.9139966273281703,0.67062288828993
none,29,up,0.9666666666666667,50.0,logistic,none,none,none,False,1.0,False,0.9999720155488411,0.9986491063468435,0.9341901728584239,0.7019716355380358
none,30,up,1.0,50.0,logistic,none,none,none,False,1.0,False,0.9999812462115523,0.9997306239873,0.9500191835925664,0.7303371532150692
none,31,down,0.9666666666666667,50.0,logistic,none,none,none,False,1.0,False,0.999975096809879,0.9990978295871095,0.961754317432427,0.7560025545665042
none,32,down,0.9333333333333333,50.0,logistic,none,none,none,False,1.0,False,0.9999666120746117,0.998093824289495,0.9705128938658576,0.7792247219883728
none,33,down,0.9,50.0,logistic,none,none,none,False,1.0,False,0.9999549293484588,0.9969553619964069,0.9770934554606999,0.8002360684688519
none,34,down,0.8666666666666667,50.0,logistic,none,none,none,False,1.0,False,0.9999388318525054,0.9957203003227509,0.9820701451491991,0.8192468376675173
none,35,down,0.8333333333333334,50.0,logistic,none,none,none,False,1.0,False,0.9999166233776451,0.9943878392674657,0.9858582102555964,0.836447195271818
none,36,down,0.8,50.0,logistic,none,none,none,False,1.0,False,0.9998859425409784,0.9929480165176076,0.988759711078266,0.8520091145752295
none,37,down,0.7666666666666666,50.0,logistic,none,none,none,False,1.0,False,0.9998435004455154,0.9913871055176037,0.9909955885153046,0.8660880728716757
none,38,down,0.7333333333333334,50.0,logistic,none,none,none,False,1.0,False,0.9997847125220501,0.9896882570513511,0.9927282763987857,0.878824572757057
none,39,down,0.7,50.0,logistic,none,none,none,False,1.0,False,0.9997031817048884,0.9878310381511195,0.9940777189733963,0.8903454995649908
none,40,down,0.6666666666666667,50.0,logistic,none,none,none,False,1.0,False,0.9995899715315647,0.9857905549527622,0.9951327565416765,0.9007653228815823
none,41,down,0.6333333333333333,50.0,logistic,none,none,none,False,1.0,False,0.9994325809373407,0.9835362448525439,0.9959592303605403,0.9101871461440335
none,42,down,0.6,50.0,logistic,none,none,none,False,1.0,False,0.999213492908133,0.9810302790795492,0.9966057368799935,0.9187036033371295
none,43,down,0.5666666666666667,50.0,logistic,none,none,none,False,1.0,False,0.9989081095343113,0.9782254592668715,0.9971076679662019,0.9263975951411696
none,44,down,0.5333333333333333,50.0,logistic,none,none,none,False,1.0,False,0.998481794206374,0.9750624432753427,0.9974899646085018,0.9333428475550944
none,45,down,0.5,50.0,logistic,none,none,none,False,1.0,False,0.997885596369947,0.9714660759975434,0.9977688562666448,0.9396042623436668
none,46,down,0.4666666666666667,50.0,logistic,none,none,none,False,1.0,False,0.9970499963405643,0.9673405192758575,0.9979527332954214,0.9452380077091707
none,47,down,0.43333333333333335,50.0,logistic,none,none,none,False,1.0,False,0.9958756021995769,0.9625627581098782,0.9980421852976838,0.9502912640069111
none,48,down,0.4,50.0,logistic,none,none,none,False,1.0,False,0.9942190061137026,0.9569738850844763,0.9980291105496314,0.9548014827890174
none,49,down,0.3666666666666667,50.0,logistic,none,none,none,False,1.0,False,0.9918706376797255,0.950367286407865,0.9978946256917317,0.9587949169127822
none,50,down,0.33333333333333337,50.0,logistic,none,none,none,False,1.0,False,0.9885186850309535,0.9424723732855137,0.9976052139313958,0.9622839889247333
none,51,down,0.30000000000000004,50.0,logistic,none,none,none,False,1.0,False,0.9836870980070807,0.932931584558373,0.9971059950235912,0.965262675668281
none,52,down,0.2666666666666667,50.0,logistic,none,none,none,False,1.0,False,0.9766210363109463,0.9212663800398498,0.9963088013853781,0.9676982144722132
none,53,down,0.2333333333333334,50.0,logistic,none,none,none,False,1.0,False,0.9660527659195304,0.9068227750688036,0.9950697855208409,0.9695152319652115
none,54,down,0.19999999999999996,50.0,logistic,none,none,none,False,1.0,False,0.949648020445637,0.8886706245497117,0.9931426241901287,0.9705618365566098
none,55,down,0.16666666666666663,50.0,logistic,none,none,none,False,1.0,False,0.9223576948706026,0.8653625227163849,0.9900608125934682,0.9705222171086487
none,56,down,0.1333333333333333,50.0,logistic,none,none,none,False,1.0,False,0.8687813253937045,0.8339972280311361,0.9847098244373297,0.9685908441592086
none,57,down,0.09999999999999998,50.0,logistic,none,none,none,False,1.0,False,0.14494243836913148,0.7426248021538178,0.9594411724989776,0.9509802791825983
none,58,down,0.06666666666666665,50.0,logistic,none,none,none,False,1.0,False,0.07286759337167308,0.6426166104173999,0.916721581274699,0.9193219131170746
none,59,down,0.033333333333333326,50.0,logistic,none,none,none,False,1.0,False,0.04379217478046003,0.5817075602461592,0.8743694108990432,0.8875193268525029
none,60,down,0.0,50.0,logistic,none,none,none,False,1.0,False,0.028088142610870566,0.5533345807119014,0.8331929670354606,0.8561982366272402
ablate M,0,up,0.0,50.0,logistic,M,none,none,False,1.0,False,0.0020448364975812626,0.0,9.871344499494516e-05,0.00019862605479112498
ablate M,1,up,0.03333333333333333,50.0,logistic,M,none,none,False,1.0,False,0.0025028890173050757,0.000131598205317223,0.00023374384339967105,0.0004359829121972734
ablate M,2,up,0.06666666666666667,50.0,logistic,M,none,none,False,1.0,False,0.0030650904795903847,0.00042634904106996185,0.0004159112327925231,0.0007194860676890951
ablate M,3,up,0.1,50.0,logistic,M,none,none,False,1.0,False,0.0037559348265135506,0.0009072469206517606,0.0006601373935147884,0.001059958072218704
ablate M,4,up,0.13333333333333333,50.0,logistic,M,none,none,False,1.0,False,0.004606110105685971,0.0015914931281027478,0.0009857811831873395,0.001470790887788388
ablate M,5,up,0.16666666666666666,50.0,logistic,M,none,none,False,1.0,False,0.005654299382728737,0.0024960487713810552,0.0014179699660617521,0.0019686145283323957
ablate M,6,up,0.2,50.0,logistic,M,none,none,False,1.0,False,0.006949633733611578,0.0036445927053632234,0.0019893638373252288,0.0025741701432492868
ablate M,7,up,0.23333333333333334,50.0,logistic,M,none,none,False,1.0,False,0.008555104744274747,0.005074638701826175,0.002742519261227718,0.0033134670731795332
ablate M,8,up,0.26666666666666666,50.0,logistic,M,none,none,False,1.0,False,0.010552430682522176,0.006844277454111864,0.0037331005080523537,0.004219344049667123
ablate M,9,up,0.3,50.0,logistic,M,none,none,False,1.0,False,0.013049199679590395,0.009038998381153128,0.0050343212167916745,0.0053336221485683335
ablate M,10,up,0.3333333333333333,50.0,logistic,M,none,none,False,1.0,False,0.016189719822385675,0.0117800837908439,0.0067432271236833995,0.0067101536241116954
ablate M,11,up,0.36666666666666664,50.0,logistic,M,none,none,False,1.0,False,0.020172184019242145,0.015237198281915268,0.008989840990473107,0.008419281851836982
ablate M,12,up,0.4,50.0,logistic,M,none,none,False,1.0,False,0.025277194617709747,0.019649516912401917,0.011950969629344433,0.010554632481411513
ablate M,13,up,0.43333333333333335,50.0,logistic,M,none,none,False,1.0,False,0.03191814397181821,0.02536336075277272,0.0158720612746158,0.013243988647867374
ablate M,14,up,0.4666666666666667,50.0,logistic,M,none,none,False,1.0,False,0.04073740675131943,0.03290323154714235,0.02110404331250662,0.01666787420118639
ablate M,15,up,0.5,50.0,logistic,M,none,none,False,1.0,False,0.05281015114747524,0.0431176601336923,0.028170947379676993,0.021094190639336607
ablate M,16,up,0.5333333333333333,50.0,logistic,M,none,none,False,1.0,False,0.07014518499865902,0.057519965694663194,0.03791028383945388,0.026951249718777385
ablate M,17,up,0.5666666666666667,50.0,logistic,M,none,none,False,1.0,False,0.09724022435241882,0.07926802841428308,0.05182654129454612,0.03501449120760525
ablate M,18,up,0.6,50.0,logistic,M,none,none,False,1.0,False,0.14870476118149603,0.11734473637639764,0.07337497934872828,0.04709404309283775
ablate M,19,up,0.6333333333333333,50.0,logistic,M,none,none,False,1.0,False,0.8570186879075616,0.3562610326329164,0.14359668080292096,0.08550287997608655
ablate M,20,up,0.6666666666666666,50.0,logistic,M,none,none,False,1.0,False,0.938811683947355,0.7317908938312546,0.2868765067257061,0.1655863279038282
ablate M,21,up,0.7,50.0,logistic,M,none,none,False,1.0,False,0.9671491462435358,0.8828268806948989,0.4150954224817042,0.24169333696926684
ablate M,22,up,0.7333333333333333,50.0,logistic,M,none,none,False,1.0,False,0.9806936547562868,0.9429921070365785,0.5255089040453194,0.31208897034696775
ablate M,23,up,0.7666666666666666,50.0,logistic,M,none,none,False,1.0,False,0.9879489527157916,0.9681713602723144,0.6186800945346057,0.37653726527222764
ablate M,24,up,0.8,50.0,logistic,M,none,none,False,1.0,False,0.99212384472544,0.9799069477924521,0.6961863303692513,0.43525349454145346
ablate M,25,up,0.8333333333333334,50.0,logistic,M,none,none,False,1.0,False,0.9946579502470555,0.9862539001185909,0.7599153483623882,0.4886091498111177
ablate M,26,up,0.8666666666666667,50.0,logistic,M,none,none,False,1.0,False,0.9962640240515213,0.9902425028521143,0.81177947641271,0.5370220799530067
ablate M,27,up,0.9,50.0,logistic,M,none,none,False,1.0,False,0.9973196486917156,0.9930673149695326,0.8535867494131595,0.580911098240884
ablate M,28,up,0.9333333333333333,50.0,logistic,M,none,none,False,1.0,False,0.9980355039414853,0.9952417674930407,0.8869822034041621,0.6206766446473414
ablate M,29,up,0.9666666666666667,50.0,logistic,M,none,none,False,1.0,False,0.9985342619782591,0.997012221098419,0.9134245107444294,0.6566929183977958
ablate M,30,up,1.0,50.0,logistic,M,none,none,False,1.0,False,0.9988900090909647,0.9985104362027023,0.9341819354277813,0.6893053273373706
ablate M,31,down,0.9666666666666667,50.0,logistic,M,none,none,False,1.0,False,0.9987267268190348,0.9978343414595464,0.9495655419958139,0.7188077615403372
ablate M,32,down,0.9333333333333333,50.0,logistic,M,none,none,False,1.0,False,0.9985238483333541,0.9966704352312352,0.9610389004682725,0.7454939536536965
ablate M,33,down,0.9,50.0,logistic,M,none,none,False,1.0,False,0.9982741774882941,0.9953160205846661,0.9696482318999716,0.769629978027368
ablate M,34,down,0.8666666666666667,50.0,logistic,M,none,none,False,1.0,False,0.9979685141965438,0.9938148367243,0.9761453440829783,0.7914562714801449
ablate M,35,down,0.8333333333333334,50.0,logistic,M,none,none,False,1.0,False,0.9975953011759049,0.9921603950634815,0.9810734129247157,0.8111899757242933
ablate M,36,down,0.8,50.0,logistic,M,none,none,False,1.0,False,0.9971401316680119,0.9903333271519121,0.9848268266933683,0.8290270424028646
ablate M,37,down,0.7666666666666666,50.0,logistic,M,none,none,False,1.0,False,0.9965850960182292,0.9883081204862068,0.9876931460633932,0.8451441159728754
ablate M,38,down,0.7333333333333334,50.0,logistic,M,none,none,False,1.0,False,0.9959079274681047,0.9860538016461287,0.9898826576729624,0.859700207310939
ablate M,39,down,0.7,50.0,logistic,M,none,none,False,1.0,False,0.9950808866524635,0.9835332157955478,0.9915492643076341,0.8728381677450173
ablate M,40,down,0.6666666666666667,50.0,logistic,M,none,none,False,1.0,False,0.9940692957195654,0.9807017864269797,0.9928052792670726,0.8846859691317989
ablate M,41,down,0.6333333333333333,50.0,logistic,M,none,none,False,1.0,False,0.9928295907718594,0.9775058770606708,0.993731889940463,0.8953577902349662
ablate M,42,down,0.6,50.0,logistic,M,none,none,False,1.0,False,0.9913066959642448,0.973880693228748,0.9943865022675604,0.904954902295183
ablate M,43,down,0.5666666666666667,50.0,logistic,M,none,none,False,1.0,False,0.9894304176248346,0.9697475857583445,0.9948077900799611,0.9135663360320061
ablate M,44,down,0.5333333333333333,50.0,logistic,M,none,none,False,1.0,False,0.9871103820763749,0.9650105413607917,0.9950189935053431,0.9212692960809459
ablate M,45,down,0.5,50.0,logistic,M,none,none,False,1.0,False,0.984228738789015,0.9595515370701466,0.9950297962353324,0.928129262806145
ablate M,46,down,0.4666666666666667,50.0,logistic,M,none,none,False,1.0,False,0.9806293050225574,0.9532242546616426,0.9948369268377135,0.934199677386471
ablate M,47,down,0.43333333333333335,50.0,logistic,M,none,none,False,1.0,False,0.9761007916525715,0.9458453335122998,0.994423435797969,0.9395210275212798
ablate M,48,down,0.4,50.0,logistic,M,none,none,False,1.0,False,0.9703496569526376,0.9371817422321146,0.9937563394486074,0.9441190023477095
ablate M,49,down,0.3666666666666667,50.0,logistic,M,none,none,False,1.0,False,0.9629535821895354,0.9269316294184052,0.9927818784988927,0.9480010829450094
ablate M,50,down,0.33333333333333337,50.0,logistic,M,none,none,False,1.0,False,0.9532756857097733,0.914693267042871,0.9914167315935468,0.9511502652881633
ablate M,51,down,0.30000000000000004,50.0,logistic,M,none,none,False,1.0,False,0.9402902260224957,0.8999096873344854,0.9895313530672601,0.9535129537766095
ablate M,52,down,0.2666666666666667,50.0,logistic,M,none,none,False,1.0,False,0.9221767364515214,0.8817554501624802,0.9869154380726288,0.9549732737368213
ablate M,53,down,0.2333333333333334,50.0,logistic,M,none,none,False,1.0,False,0.8951539447710825,0.8588505721774679,0.9831933609475907,0.9552886718346983
ablate M,54,down,0.19999999999999996,50.0,logistic,M,none,none,False,1.0,False,0.8485423115195844,0.8282113198365689,0.9775382088860503,0.9538675358038063
ablate M,55,down,0.16666666666666663,50.0,logistic,M,none,none,False,1.0,False,0.6439657332531135,0.7708529785876506,0.9654345865905465,0.947206648197817
ablate M,56,down,0.1333333333333333,50.0,logistic,M,none,none,False,1.0,False,0.10322872248089705,0.6209721228753333,0.9262786603369693,0.918776988574434
ablate M,57,down,0.09999999999999998,50.0,logistic,M,none,none,False,1.0,False,0.06670159271579068,0.5133407159833531,0.8847880524991578,0.8880579532196673
ablate M,58,down,0.06666666666666665,50.0,logistic,M,none,none,False,1.0,False,0.04546663140820024,0.44341486564274907,0.8441157655124724,0.8575524258308646
ablate M,59,down,0.033333333333333326,50.0,logistic,M,none,none,False,1.0,False,0.031906456622454483,0.401451727980331,0.804651494012244,0.8275722857510616
ablate M,60,down,0.0,50.0,logistic,M,none,none,False,1.0,False,0.02281462858736818,0.3818707865582216,0.7665885866779514,0.7982829024558231
ablate L,0,up,0.0,50.0,logistic,L,none,none,False,1.0,False,0.0020444778244967468,0.0,9.870485262587344e-05,0.00019860880334327677
ablate L,1,up,0.03333333333333333,50.0,logistic,L,none,none,False,1.0,False,0.0025018822044025014,0.0001315599381895822,0.00023369514781437114,0.00043589546431007005
ablate L,2,up,0.06666666666666667,50.0,logistic,L,none,none,False,1.0,False,0.0030631384301247383,0.00042615493195946656,0.0004157658249076973,0.0007192486003841918
ablate L,3,up,0.1,50.0,logistic,L,none,none,False,1.0,False,0.0037528117820800743,0.0009066909707961426,0.0006598123159639008,0.0010594704026718866
ablate L,4,up,0.13333333333333333,50.0,logistic,L,none,none,False,1.0,False,0.004601795544544143,0.0015903274863191034,0.0009851780645809005,0.0014699519147253752
ablate L,5,up,0.16666666666666666,50.0,logistic,L,none,none,False,1.0,False,0.00564919064673736,0.0024941164904249895,0.0014170090414446256,0.0019673616775328006
ablate L,6,up,0.2,50.0,logistic,L,none,none,False,1.0,False,0.0069449047253346005,0.0036420858739241195,0.0019880601866160705,0.002572551326103042
ablate L,7,up,0.23333333333333334,50.0,logistic,L,none,none,False,1.0,False,0.008553348192375259,0.005072555194224095,0.00274113752828942,0.0033117691229441444
ablate L,8,up,0.26666666666666666,50.0,logistic,L,none,none,False,1.0,False,0.010558851309561714,0.006845233915582348,0.0037324593674355243,0.004218324107836641
ablate L,9,up,0.3,50.0,logistic,L,none,none,False,1.0,False,0.013073878380392846,0.009048734041188423,0.005036389707518194,0.005334932027866044
ablate L,10,up,0.3333333333333333,50.0,logistic,L,none,none,False,1.0,False,0.016251996474370443,0.011810351823753925,0.006752300598046725,0.006717133604479655
ablate L,11,up,0.36666666666666664,50.0,logistic,L,none,none,False,1.0,False,0.02030938915792308,0.015311520470723199,0.009014895705483434,0.008438480792336568
ablate L,12,up,0.4,50.0,logistic,L,none,none,False,1.0,False,0.025562825372660056,0.01981509524636335,0.012010500992692148,0.010598814066933072
ablate L,13,up,0.43333333333333335,50.0,logistic,L,none,none,False,1.0,False,0.03250221159780624,0.02571711071381952,0.016004444865167434,0.01333836298167625
ablate L,14,up,0.4666666666666667,50.0,logistic,L,none,none,False,1.0,False,0.041944727352404725,0.03365341553806642,0.02139119928278019,0.016863952228026707
ablate L,15,up,0.5,50.0,logistic,L,none,none,False,1.0,False,0.05541530725055855,0.04474853316669033,0.028798161426626646,0.02150406687583596
ablate L,16,up,0.5333333333333333,50.0,logistic,L,none,none,False,1.0,False,0.07633370016045839,0.06132585062142102,0.03934530550179995,0.027848633845003648
ablate L,17,up,0.5666666666666667,50.0,logistic,L,none,none,False,1.0,False,0.11578553207386065,0.08985195289229997,0.05556430116887518,0.037250521237824914
ablate L,18,up,0.6,50.0,logistic,L,none,none,False,1.0,False,0.5126035522949911,0.1974975562043329,0.09423428728275843,0.0589476585352758
ablate L,19,up,0.6333333333333333,50.0,logistic,L,none,none,False,1.0,False,0.9800165360573564,0.6831275238272948,0.2433259468208712,0.14291287386118331
ablate L,20,up,0.6666666666666666,50.0,logistic,L,none,none,False,1.0,False,0.9924311485037997,0.8812207132685582,0.3791142264775652,0.22362419631349348
ablate L,21,up,0.7,50.0,logistic,L,none,none,False,1.0,False,0.9959267257792536,0.9517418010064431,0.49491972099093423,0.29714722503962615
ablate L,22,up,0.7333333333333333,50.0,logistic,L,none,none,False,1.0,False,0.9974960424827266,0.9764828066278609,0.5923653724009408,0.3638407316079362
ablate L,23,up,0.7666666666666666,50.0,logistic,L,none,none,False,1.0,False,0.9983791053337798,0.9857650983676929,0.6735413186372775,0.42426791567145844
ablate L,24,up,0.8,50.0,logistic,L,none,none,False,1.0,False,0.9989272841937165,0.9899751008996613,0.740542436883493,0.4789898053375717
ablate L,25,up,0.8333333333333334,50.0,logistic,L,none,none,False,1.0,False,0.999281811277336,0.9924815424352852,0.7953536784959173,0.528531162541563
ablate L,26,up,0.8666666666666667,50.0,logistic,L,none,none,False,1.0,False,0.9995154668808961,0.9943439827124118,0.8398036369641103,0.5733745300691245
ablate L,27,up,0.9,50.0,logistic,L,none,none,False,1.0,False,0.9996711352477455,0.9959005605193267,0.875542733130549,0.6139606762640878
ablate L,28,up,0.9333333333333333,50.0,logistic,L,none,none,False,1.0,False,0.9997756496003568,0.9972703597306432,0.9040351535495569,0.650690842145907
ablate L,29,up,0.9666666666666667,50.0,logistic,L,none,none,False,1.0,False,0.999846262180074,0.9985047142133727,0.9265600780169948,0.6839295479463972
ablate L,30,up,1.0,50.0,logistic,L,none,none,False,1.0,False,0.9998942297621901,0.9996317282281091,0.9442194124767771,0.714007526613408
ablate L,31,down,0.9666666666666667,50.0,logistic,L,none,none,False,1.0,False,0.9998567751893612,0.9989827457162639,0.957310078758627,0.7412209854944088
ablate L,32,down,0.9333333333333333,50.0,logistic,L,none,none,False,1.0,False,0.9998051823151602,0.9979415530880953,0.9670783173626192,0.7658418701113481
ablate L,33,down,0.9,50.0,logistic,L,none,none,False,1.0,False,0.9997341649056416,0.9967493586002931,0.9744146405864367,0.7881161141614359
ablate L,34,down,0.8666666666666667,50.0,logistic,L,none,none,False,1.0,False,0.9996362651332806,0.9954402473952315,0.9799589869453793,0.8082659455336844
ablate L,35,down,0.8333333333333334,50.0,logistic,L,none,none,False,1.0,False,0.9995010605604537,0.9940063226374553,0.9841737251667383,0.8264920263898744
ablate L,36,down,0.8,50.0,logistic,L,none,none,False,1.0,False,0.9993139831676826,0.9924274552493015,0.9873945378922773,0.8429753463694554
ablate L,37,down,0.7666666666666666,50.0,logistic,L,none,none,False,1.0,False,0.9990546264547854,0.990675806592647,0.9898660348077616,0.8578788724611484
ablate L,38,down,0.7333333333333334,50.0,logistic,L,none,none,False,1.0,False,0.9986943186592312,0.9887150016602598,0.9917667417093624,0.871348951371035
ablate L,39,down,0.7,50.0,logistic,L,none,none,False,1.0,False,0.9981926162393724,0.9864975481303986,0.9932266216280811,0.883516448098232
ablate L,40,down,0.6666666666666667,50.0,logistic,L,none,none,False,1.0,False,0.9974921767006024,0.9839609311743506,0.9943392636785975,0.8944975861905596
ablate L,41,down,0.6333333333333333,50.0,logistic,L,none,none,False,1.0,False,0.9965111407171643,0.9810220330949954,0.995170160803139,0.9043944265752776
ablate L,42,down,0.6,50.0,logistic,L,none,none,False,1.0,False,0.9951315698659415,0.977569102394301,0.9957619733955869,0.9132948746616391
ablate L,43,down,0.5666666666666667,50.0,logistic,L,none,none,False,1.0,False,0.9931813942560457,0.9734499334679083,0.996137250526743,0.9212720228806269
ablate L,44,down,0.5333333333333333,50.0,logistic,L,none,none,False,1.0,False,0.9904051488377829,0.9684538873609906,0.9962986614219782,0.9283824821422556
ablate L,45,down,0.5,50.0,logistic,L,none,none,False,1.0,False,0.9864141043039099,0.9622832713789893,0.9962262397236166,0.9346630480573093
ablate L,46,down,0.4666666666666667,50.0,logistic,L,none,none,False,1.0,False,0.9805953811071926,0.9545048294497753,0.9958701733674671,0.9401243760477371
ablate L,47,down,0.43333333333333335,50.0,logistic,L,none,none,False,1.0,False,0.971930346701133,0.9444600257101214,0.9951355075314029,0.9447387022623489
ablate L,48,down,0.4,50.0,logistic,L,none,none,False,1.0,False,0.9585809340556003,0.9310771512823093,0.9938492038638589,0.9484140211631401
ablate L,49,down,0.3666666666666667,50.0,logistic,L,none,none,False,1.0,False,0.9367374796552577,0.9123965531199757,0.9916794739883318,0.95093090601743
ablate L,50,down,0.33333333333333337,50.0,logistic,L,none,none,False,1.0,False,0.8960183899270235,0.883909988187782,0.9878740291571159,0.9517360881008577
ablate L,51,down,0.30000000000000004,50.0,logistic,L,none,none,False,1.0,False,0.7620095760331544,0.8240825959026438,0.9792793701967069,0.9483685040456179
ablate L,52,down,0.2666666666666667,50.0,logistic,L,none,none,False,1.0,False,0.07081959883068825,0.5580373727343313,0.9391587291464352,0.9195830073652635
ablate L,53,down,0.2333333333333334,50.0,logistic,L,none,none,False,1.0,False,0.03908846848054381,0.3778365898090896,0.895706459449408,0.8876335594824957
ablate L,54,down,0.19999999999999996,50.0,logistic,L,none,none,False,1.0,False,0.02555790713685208,0.2676759741986401,0.8535132435621039,0.8561916555748865
ablate L,55,down,0.16666666666666663,50.0,logistic,L,none,none,False,1.0,False,0.018099586321725404,0.19895340095250288,0.812926484584358,0.8255623570637539
ablate L,56,down,0.1333333333333333,50.0,logistic,L,none,none,False,1.0,False,0.013376121100457224,0.15523550555280385,0.7740360377102413,0.79584638562051
ablate L,57,down,0.09999999999999998,50.0,logistic,L,none,none,False,1.0,False,0.010129390740775682,0.12717569756656882,0.736846672985804,0.7670761866519253
ablate L,58,down,0.06666666666666665,50.0,logistic,L,none,none,False,1.0,False,0.007783653830219708,0.10942740636303021,0.7013286342956758,0.739255872973913
ablate L,59,down,0.033333333333333326,50.0,logistic,L,none,none,False,1.0,False,0.006035044906298269,0.09895311060109174,0.66743628018227,0.7123760169460481
ablate L,60,down,0.0,50.0,logistic,L,none,none,False,1.0,False,0.004704593728466497,0.09412663975249569,0.6351161061898379,0.6864200283454301
ablate M+L,0,up,0.0,50.0,logistic,L+M,none,none,False,1.0,False,0.0020444778244967468,0.0,9.870485262587344e-05,0.00019860880334327677
ablate M+L,1,up,0.03333333333333333,50.0,logistic,L+M,none,none,False,1.0,False,0.002501838779763895,0.00013155878477365772,0.00023369393318993964,0.0004358933438799578
ablate M+L,2,up,0.06666666666666667,50.0,logistic,L+M,none,none,False,1.0,False,0.00306279108157046,0.00042613034055133647,0.0004157502563087797,0.0007192242803673056
ablate M+L,3,up,0.1,50.0,logistic,L+M,none,none,False,1.0,False,0.003751445810750913,0.0009065183858633451,0.0006597263917117856,0.0010593484081422464
ablate M+L,4,up,0.13333333333333333,50.0,logistic,L+M,none,none,False,1.0,False,0.004597858746617976,0.0015895838934538108,0.0009848546602135991,0.0014695308235112667
ablate M+L,5,up,0.16666666666666666,50.0,logistic,L+M,none,none,False,1.0,False,0.005639669850224777,0.0024916967926932355,0.001416034718355732,0.0019661903618148242
ablate M+L,6,up,0.2,50.0,logistic,L+M,none,none,False,1.0,False,0.006924287200523535,0.0036355197648665957,0.0019855213716981424,0.0025697178085605024
ablate M+L,7,up,0.23333333333333334,50.0,logistic,L+M,none,none,False,1.0,False,0.00851184604076531,0.00505682481976164,0.002735154798755074,0.0033055416666756708
ablate M+L,8,up,0.26666666666666666,50.0,logistic,L+M,none,none,False,1.0,False,0.010479299304924874,0.0068107129954977615,0.003719337838307616,0.00420553600708815
ablate M+L,9,up,0.3,50.0,logistic,L+M,none,none,False,1.0,False,0.012926207978953646,0.008977517218366633,0.00500906287132755,0.005309912340424703
ablate M+L,10,up,0.3333333333333333,50.0,logistic,L+M,none,none,False,1.0,False,0.015983171270581395,0.011669547514555418,0.006697449936186066,0.006669815798082936
ablate M+L,11,up,0.36666666666666664,50.0,logistic,L+M,none,none,False,1.0,False,0.019824518194044884,0.01504063784655991,0.008907527725233861,0.008350980931448522
ablate M+L,12,up,0.4,50.0,logistic,L+M,none,none,False,1.0,False,0.024688201340546508,0.019301444064488048,0.011803471243805519,0.010439046901376814
ablate M+L,13,up,0.43333333333333335,50.0,logistic,L+M,none,none,False,1.0,False,0.030908557410452127,0.024745325983733343,0.01560742512896096,0.013047601561000221
ablate M+L,14,up,0.4666666666666667,50.0,logistic,L+M,none,none,False,1.0,False,0.03897369167250921,0.03179399849826943,0.020625914554893248,0.016330995162816535
ablate M+L,15,up,0.5,50.0,logistic,L+M,none,none,False,1.0,False,0.049634331806525274,0.04108304102472084,0.027294060664372597,0.020506168654297986
ablate M+L,16,up,0.5333333333333333,50.0,logistic,L+M,none,none,False,1.0,False,0.06413375933953669,0.05363767132805156,0.036256568011768193,0.02589340085129973
ablate M+L,17,up,0.5666666666666667,50.0,logistic,L+M,none,none,False,1.0,False,0.08477498274967991,0.0712890996670716,0.048537114887660444,0.03300315931884762
ablate M+L,18,up,0.6,50.0,logistic,L+M,none,none,False,1.0,False,0.11671728000064985,0.09791630053013808,0.06597786055207165,0.04276530758986949
ablate M+L,19,up,0.6333333333333333,50.0,logistic,L+M,none,none,False,1.0,False,0.17751669911730783,0.14534901117126336,0.09300391444311282,0.05746175198264236
ablate M+L,20,up,0.6666666666666666,50.0,logistic,L+M,none,none,False,1.0,False,0.8571048170603119,0.5217447441295007,0.20091533137495923,0.11545639223943603
ablate M+L,21,up,0.7,50.0,logistic,L+M,none,none,False,1.0,False,0.9110562986147913,0.780015747054078,0.3363746652163721,0.19135131569134414
ablate M+L,22,up,0.7333333333333333,50.0,logistic,L+M,none,none,False,1.0,False,0.9393836617028952,0.8838733871293077,0.45614853034112807,0.2630471149084746
ablate M+L,23,up,0.7666666666666666,50.0,logistic,L+M,none,none,False,1.0,False,0.9568792016983393,0.9292606192534183,0.5592010299751872,0.3296637070204923
ablate M+L,24,up,0.8,50.0,logistic,L+M,none,none,False,1.0,False,0.9685034046769689,0.9521297252768818,0.6462397940009417,0.39103341274945436
ablate M+L,25,up,0.8333333333333334,50.0,logistic,L+M,none,none,False,1.0,False,0.9765657557230895,0.9656025972487987,0.7186855088238533,0.44727963410972427
ablate M+L,26,up,0.8666666666666667,50.0,logistic,L+M,none,none,False,1.0,False,0.9823213076452737,0.9745841273995196,0.778234993235112,0.49865789485634343
ablate M+L,27,up,0.9,50.0,logistic,L+M,none,none,False,1.0,False,0.9865171890253113,0.9810672664168535,0.8266377764437585,0.5454819645426577
ablate M+L,28,up,0.9333333333333333,50.0,logistic,L+M,none,none,False,1.0,False,0.989625711720679,0.9859799246545349,0.8655745271382037,0.5880859794747336
ablate M+L,29,up,0.9666666666666667,50.0,logistic,L+M,none,none,False,1.0,False,0.9919584456600338,0.9898236561053946,0.8965918028810066,0.626804092443091
ablate M+L,30,up,1.0,50.0,logistic,L+M,none,none,False,1.0,False,0.9937275604324847,0.9929038993703313,0.9210705609913394,0.6619594216158877
ablate M+L,31,down,0.9666666666666667,50.0,logistic,L+M,none,none,False,1.0,False,0.9925967116752715,0.9917592621535959,0.9391756112345152,0.6937221294952968
ablate M+L,32,down,0.9333333333333333,50.0,logistic,L+M,none,none,False,1.0,False,0.991222076559126,0.9895787969344941,0.9526275913709374,0.7224019608894215
ablate M+L,33,down,0.9,50.0,logistic,L+M,none,none,False,1.0,False,0.9895461123463326,0.9869082419108215,0.9626560603789949,0.7482799971668933
ablate M+L,34,down,0.8666666666666667,50.0,logistic,L+M,none,none,False,1.0,False,0.9874956355976271,0.9837918212140977,0.9701408904285942,0.7716077011856618
ablate M+L,35,down,0.8333333333333334,50.0,logistic,L+M,none,none,False,1.0,False,0.9849766244271474,0.9801641293154987,0.9757129035014729,0.7926089148939306
ablate M+L,36,down,0.8,50.0,logistic,L+M,none,none,False,1.0,False,0.981866750836952,0.9759179325307429,0.9798236207458385,0.8114813690632457
ablate M+L,37,down,0.7666666666666666,50.0,logistic,L+M,none,none,False,1.0,False,0.9780043137345478,0.9709101742520415,0.9827934898903044,0.8283976058331188
ablate M+L,38,down,0.7333333333333334,50.0,logistic,L+M,none,none,False,1.0,False,0.9731712131099777,0.9649523818939909,0.9848448153475622,0.8435051282003706
ablate M+L,39,down,0.7,50.0,logistic,L+M,none,none,False,1.0,False,0.9670655344466444,0.9577916578553622,0.9861233784583949,0.8569254281318941
ablate M+L,40,down,0.6666666666666667,50.0,logistic,L+M,none,none,False,1.0,False,0.9592548263034057,0.9490783213486872,0.986710961297204,0.868751216407326
ablate M+L,41,down,0.6333333333333333,50.0,logistic,L+M,none,none,False,1.0,False,0.9490904871365332,0.9383082766579566,0.9866291808067443,0.8790404506533538
ablate M+L,42,down,0.6,50.0,logistic,L+M,none,none,False,1.0,False,0.9355350274176895,0.9247108179306157,0.9858322489027868,0.8878039571339662
ablate M+L,43,down,0.5666666666666667,50.0,logistic,L+M,none,none,False,1.0,False,0.9167629771305208,0.9070002877109473,0.9841796093787752,0.8949782283899084
ablate M+L,44,down,0.5333333333333333,50.0,logistic,L+M,none,none,False,1.0,False,0.8890246197390461,0.8827067204776857,0.9813563498657797,0.9003559445995429
ablate M+L,45,down,0.5,50.0,logistic,L+M,none,none,False,1.0,False,0.8418866471443559,0.8455904127669298,0.9765836216136163,0.9033420195025132
ablate M+L,46,down,0.4666666666666667,50.0,logistic,L+M,none,none,False,1.0,False,0.5946507804422098,0.7389905054409813,0.9644278834572343,0.8994762243608619
ablate M+L,47,down,0.43333333333333335,50.0,logistic,L+M,none,none,False,1.0,False,0.1163701430006249,0.42260479693564906,0.925772846686553,0.8732014088500473
ablate M+L,48,down,0.4,50.0,logistic,L+M,none,none,False,1.0,False,0.08193038382816302,0.25089513246220657,0.8854571271857378,0.844915548119023
ablate M+L,49,down,0.3666666666666667,50.0,logistic,L+M,none,none,False,1.0,False,0.06019062914509945,0.15967536277732072,0.8459623158289935,0.8167409311003524
ablate M+L,50,down,0.33333333333333337,50.0,logistic,L+M,none,none,False,1.0,False,0.04527297747162128,0.10802123630178173,0.8075572750146522,0.7889518141531247
ablate M+L,51,down,0.30000000000000004,50.0,logistic,L+M,none,none,False,1.0,False,0.0345681966220223,0.07692059069247316,0.7703888915348917,0.7617043558821233
ablate M+L,52,down,0.2666666666666667,50.0,logistic,L+M,none,none,False,1.0,False,0.026670636781094274,0.0571367462111857,0.7345397851283143,0.7350933766603088
ablate M+L,53,down,0.2333333333333334,50.0,logistic,L+M,none,none,False,1.0,False,0.02073437964449567,0.043957230489789986,0.7000530895085898,0.7091773527771869
ablate M+L,54,down,0.19999999999999996,50.0,logistic,L+M,none,none,False,1.0,False,0.01621272682414877,0.034854560013850185,0.6669454081004136,0.6839914040120821
ablate M+L,55,down,0.16666666666666663,50.0,logistic,L+M,none,none,False,1.0,False,0.012734579773856962,0.028405882849236026,0.6352145893761239,0.6595548136905767
ablate M+L,56,down,0.1333333333333333,50.0,logistic,L+M,none,none,False,1.0,False,0.010038988665181981,0.02377456043501784,0.6048448809152399,0.6358757344128724
ablate M+L,57,down,0.09999999999999998,50.0,logistic,L+M,none,none,False,1.0,False,0.007937597772379727,0.02045189695028069,0.5758105902603857,0.6129543090862652
ablate M+L,58,down,0.06666666666666665,50.0,logistic,L+M,none,none,False,1.0,False,0.006291730138205302,0.01812428834912398,0.5480788056798174,0.5907848349689458
ablate M+L,59,down,0.033333333333333326,50.0,logistic,L+M,none,none,False,1.0,False,0.004997712340188186,0.01660390618511736,0.521611474955648,0.5693573161714239
ablate M+L,60,down,0.0,50.0,logistic,L+M,none,none,False,1.0,False,0.003977105915426262,0.015794045143978898,0.49636701794874116,0.5486586067577152
zero M once,0,up,0.0,50.0,logistic,none,M,zero,False,1.0,False,0.0020448364975812626,0.0,9.871344499494516e-05,0.00019862605479112498
zero M once,1,up,0.03333333333333333,50.0,logistic,none,M,zero,False,1.0,False,0.0025029324785455533,0.00013159935951748394,0.00023374505884831673,0.0004359850340654468
zero M once,2,up,0.06666666666666667,50.0,logistic,none,M,zero,False,1.0,False,0.0030654383533482827,0.000426373662091424,0.0004159268197644787,0.0007195104162597072
zero M once,3,up,0.1,50.0,logistic,none,M,zero,False,1.0,False,0.003757304123247494,0.0009074198371457932,0.0006602234776100513,0.0010600802914573744
zero M once,4,up,0.13333333333333333,50.0,logistic,none,M,zero,False,1.0,False,0.004610061481499602,0.0015922388774949,0.0009861054859565828,0.0014712131324571835
zero M once,5,up,0.16666666666666666,50.0,logistic,none,M,zero,False,1.0,False,0.005663871998069361,0.0024984787309673346,0.0014189482006142706,0.001969790464008456
zero M once,6,up,0.2,50.0,logistic,none,M,zero,False,1.0,False,0.006970412546598824,0.0036511987459059347,0.0019919170748673816,0.002577019425939436
zero M once,7,up,0.23333333333333334,50.0,logistic,none,M,zero,False,1.0,False,0.00859706650557227,0.005090504552365644,0.0027485494249790197,0.003319742755957588
zero M once,8,up,0.26666666666666666,50.0,logistic,none,M,zero,False,1.0,False,0.010633217099108977,0.006879216070052647,0.0037463659500441174,0.004232268835360596
zero M once,9,up,0.3,50.0,logistic,none,M,zero,False,1.0,False,0.01320006048183716,0.009111420212119426,0.005062060548431158,0.005359009223298048
zero M once,10,up,0.3333333333333333,50.0,logistic,none,M,zero,False,1.0,False,0.016466610738391965,0.011924214002242063,0.00679921537405936,0.006758424780048758
zero M once,11,up,0.36666666666666664,50.0,logistic,none,M,zero,False,1.0,False,0.02067728956892469,0.015517027013555394,0.009100274067289681,0.008509206151885319
zero M once,12,up,0.4,50.0,logistic,none,M,zero,False,1.0,False,0.026202930383001744,0.020187024609889748,0.01216618461942087,0.010720527761662676
zero M once,13,up,0.43333333333333335,50.0,logistic,none,M,zero,False,1.0,False,0.03364407132623553,0.02639939164108085,0.016291086045351042,0.013550384640979286
zero M once,14,up,0.4666666666666667,50.0,logistic,none,M,zero,False,1.0,False,0.0440679518206541,0.03494159026474853,0.02193010073332903,0.017241909060046596
zero M once,15,up,0.5,50.0,logistic,none,M,zero,False,1.0,False,0.059662178923380604,0.04731853176833577,0.02985311994401185,0.022206856045255022
zero M once,16,up,0.5333333333333333,50.0,logistic,none,M,zero,False,1.0,False,0.08619134874434972,0.06706864571470456,0.04159070167703358,0.02927080776887561
zero M once,17,up,0.5666666666666667,50.0,logistic,none,M,zero,False,1.0,False,0.15200918020904294,0.10757368561499447,0.06163676515500085,0.04090035158032538
zero M once,18,up,0.6,50.0,logistic,none,M,zero,False,1.0,False,0.9693331315857276,0.5328145018434326,0.1767520652269293,0.10647584776274131
zero M once,19,up,0.6333333333333333,50.0,logistic,none,M,zero,False,1.0,False,0.9928810837197899,0.8221093214995902,0.3191595287522151,0.19043082245546195
zero M once,20,up,0.6666666666666666,50.0,logistic,none,M,zero,False,1.0,False,0.9971994835294868,0.9301660148262696,0.44213140556598635,0.26717738960021536
zero M once,21,up,0.7,50.0,logistic,none,M,zero,False,1.0,False,0.9986250010030602,0.9687282910719426,0.5465134131880691,0.33679930246783873
zero M once,22,up,0.7333333333333333,50.0,logistic,none,M,zero,False,1.0,False,0.9992508366475077,0.9826853030920307,0.6341871603383972,0.39985995672886865
zero M once,23,up,0.7666666666666666,50.0,logistic,none,M,zero,False,1.0,False,0.999567857099549,0.9883434362448505,0.7071441635888495,0.45694794546219447
zero M once,24,up,0.8,50.0,logistic,none,M,zero,False,1.0,False,0.9997411876014636,0.9912559926419344,0.7673161857761636,0.5086170893572538
zero M once,25,up,0.8333333333333334,50.0,logistic,none,M,zero,False,1.0,False,0.999840529562325,0.9932240662382874,0.8165133313507172,0.5553762616564167
zero M once,26,up,0.8666666666666667,50.0,logistic,none,M,zero,False,1.0,False,0.9998994429429369,0.9948159660951799,0.8563936033257643,0.5976892886835099
zero M once,27,up,0.9,50.0,logistic,none,M,zero,False,1.0,False,0.999935353861503,0.9962138411209059,0.888448129387234,0.635977482137405
zero M once,28,up,0.9333333333333333,50.0,logistic,none,M,zero,False,1.0,False,0.9999577575072477,0.9974821648988607,0.9139966273281703,0.67062288828993
zero M once,29,up,0.9666666666666667,50.0,logistic,none,M,zero,False,1.0,False,0.9999720155488411,0.9986491063468435,0.9341901728584239,0.7019716355380358
zero M once,30,up,1.0,50.0,logistic,none,M,zero,False,1.0,False,0.9999812462115523,0.9997306239873,0.9500191835925664,0.7303371532150692
zero M once,31,down,0.9666666666666667,50.0,logistic,none,M,zero,False,1.0,True,0.9999449622717763,0.8007334211100577,0.961742392570261,0.7559904372618317
zero M once,32,down,0.9333333333333333,50.0,logistic,none,M,zero,False,1.0,False,0.9999608138533406,0.9565567027392406,0.970502883895619,0.7792129346158533
zero M once,33,down,0.9,50.0,logistic,none,M,zero,False,1.0,False,0.9999533651395046,0.9877728093656418,0.9770854989675941,0.8002252208532202
zero M once,34,down,0.8666666666666667,50.0,logistic,none,M,zero,False,1.0,False,0.9999383604724692,0.9935771223254307,0.9820638678930481,0.8192369721802566
zero M once,35,down,0.8333333333333334,50.0,logistic,none,M,zero,False,1.0,False,0.9999164705523761,0.9938597268716292,0.9858532451044747,0.8364382534975491
zero M once,36,down,0.8,50.0,logistic,none,M,zero,False,1.0,False,0.9998858890495533,0.9928106200936695,0.98875576134091,0.852001018851649
zero M once,37,down,0.7666666666666666,50.0,logistic,none,M,zero,False,1.0,False,0.99984347956555,0.9913493636316631,0.9909924250732219,0.8660807458568024
zero M once,38,down,0.7333333333333334,50.0,logistic,none,M,zero,False,1.0,False,0.9997847027159711,0.989677309299229,0.9927257243259129,0.8788179423135086
zero M once,39,down,0.7,50.0,logistic,none,M,zero,False,1.0,False,0.9997031755887942,0.9878276834208486,0.9940756447985212,0.8903394997206422
zero M once,40,down,0.6666666666666667,50.0,logistic,none,M,zero,False,1.0,False,0.9995899663724225,0.985789467483994,0.9951310580868195,0.9007598936974921
zero M once,41,down,0.6333333333333333,50.0,logistic,none,M,zero,False,1.0,False,0.999432575587893,0.9835358702877054,0.9959578290258977,0.9101822332881994
zero M once,42,down,0.6,50.0,logistic,none,M,zero,False,1.0,False,0.9992134867638955,0.9810301401471749,0.9966045718729557,0.9186991575994716
zero M once,43,down,0.5666666666666667,50.0,logistic,none,M,zero,False,1.0,False,0.9989081021542052,0.9782254017518534,0.9971066919966924,0.9263935719603179
zero M once,44,down,0.5333333333333333,50.0,logistic,none,M,zero,False,1.0,False,0.9984817851583896,0.9750624146539205,0.9974891406718179,0.933339206576984
zero M once,45,down,0.5,50.0,logistic,none,M,zero,False,1.0,False,0.9978855851523949,0.9714660572943524,0.997768155229347,0.9396009670158514
zero M once,46,down,0.4666666666666667,50.0,logistic,none,M,zero,False,1.0,False,0.9970499823235177,0.9673405030731187,0.9979521320744275,0.9452350249093996
zero M once,47,down,0.43333333333333335,50.0,logistic,none,M,zero,False,1.0,False,0.9958755845613653,0.9625627411008213,0.9980416654783312,0.950288563702627
zero M once,48,down,0.4,50.0,logistic,none,M,zero,False,1.0,False,0.9942189837543576,0.9569738654137958,0.9980286573288618,0.9547990377235085
zero M once,49,down,0.3666666666666667,50.0,logistic,none,M,zero,False,1.0,False,0.991870609088347,0.9503672626485727,0.9978942270614712,0.9587927023127683
zero M once,50,down,0.33333333333333337,50.0,logistic,none,M,zero,False,1.0,False,0.9885186480659713,0.942472343982806,0.9976048600370071,0.9622819822224107
zero M once,51,down,0.30000000000000004,50.0,logistic,none,M,zero,False,1.0,False,0.9836870495037202,0.9329315479472413,0.9971056776442185,0.9652608562270641
zero M once,52,down,0.2666666666666667,50.0,logistic,none,M,zero,False,1.0,False,0.9766209713142248,0.9212663337536307,0.9963085134854529,0.9676965632963896
zero M once,53,down,0.2333333333333334,50.0,logistic,none,M,zero,False,1.0,False,0.9660526759972716,0.906822715672221,0.9950695208061289,0.9695137313498027
zero M once,54,down,0.19999999999999996,50.0,logistic,none,M,zero,False,1.0,False,0.9496478892893925,0.8886705465397609,0.9931423765293211,0.9705604695583112
zero M once,55,down,0.16666666666666663,50.0,logistic,none,M,zero,False,1.0,False,0.9223574831737151,0.865362415670504,0.9900605748318425,0.9705209664037642
zero M once,56,down,0.1333333333333333,50.0,logistic,none,M,zero,False,1.0,False,0.8687808785248792,0.8339970629158425,0.9847095835558639,0.9685896875664761
zero M once,57,down,0.09999999999999998,50.0,logistic,none,M,zero,False,1.0,False,0.1449414765910827,0.7426234808447305,0.9594405599264536,0.9509788927069861
zero M once,58,down,0.06666666666666665,50.0,logistic,none,M,zero,False,1.0,False,0.0728673009119572,0.6426154448290022,0.9167209812465181,0.9193205697468771
zero M once,59,down,0.033333333333333326,50.0,logistic,none,M,zero,False,1.0,False,0.0437920332136464,0.5817065012075421,0.8743688323662,0.8875180299162475
zero M once,60,down,0.0,50.0,logistic,none,M,zero,False,1.0,False,0.028088064737519004,0.5533335733282451,0.8331924125081902,0.8561969859314279
zero L once,0,up,0.0,50.0,logistic,none,L,zero,False,1.0,False,0.0020448364975812626,0.0,9.871344499494516e-05,0.00019862605479112498
zero L once,1,up,0.03333333333333333,50.0,logistic,none,L,zero,False,1.0,False,0.0025029324785455533,0.00013159935951748394,0.00023374505884831673,0.0004359850340654468
zero L once,2,up,0.06666666666666667,50.0,logistic,none,L,zero,False,1.0,False,0.0030654383533482827,0.000426373662091424,0.0004159268197644787,0.0007195104162597072
zero L once,3,up,0.1,50.0,logistic,none,L,zero,False,1.0,False,0.003757304123247494,0.0009074198371457932,0.0006602234776100513,0.0010600802914573744
zero L once,4,up,0.13333333333333333,50.0,logistic,none,L,zero,False,1.0,False,0.004610061481499602,0.0015922388774949,0.0009861054859565828,0.0014712131324571835
zero L once,5,up,0.16666666666666666,50.0,logistic,none,L,zero,False,1.0,False,0.005663871998069361,0.0024984787309673346,0.0014189482006142706,0.001969790464008456
zero L once,6,up,0.2,50.0,logistic,none,L,zero,False,1.0,False,0.006970412546598824,0.0036511987459059347,0.0019919170748673816,0.002577019425939436
zero L once,7,up,0.23333333333333334,50.0,logistic,none,L,zero,False,1.0,False,0.00859706650557227,0.005090504552365644,0.0027485494249790197,0.003319742755957588
zero L once,8,up,0.26666666666666666,50.0,logistic,none,L,zero,False,1.0,False,0.010633217099108977,0.006879216070052647,0.0037463659500441174,0.004232268835360596
zero L once,9,up,0.3,50.0,logistic,none,L,zero,False,1.0,False,0.01320006048183716,0.009111420212119426,0.005062060548431158,0.005359009223298048
zero L once,10,up,0.3333333333333333,50.0,logistic,none,L,zero,False,1.0,False,0.016466610738391965,0.011924214002242063,0.00679921537405936,0.006758424780048758
zero L once,11,up,0.36666666666666664,50.0,logistic,none,L,zero,False,1.0,False,0.02067728956892469,0.015517027013555394,0.009100274067289681,0.008509206151885319
zero L once,12,up,0.4,50.0,logistic,none,L,zero,False,1.0,False,0.026202930383001744,0.020187024609889748,0.01216618461942087,0.010720527761662676
zero L once,13,up,0.43333333333333335,50.0,logistic,none,L,zero,False,1.0,False,0.03364407132623553,0.02639939164108085,0.016291086045351042,0.013550384640979286
zero L once,14,up,0.4666666666666667,50.0,logistic,none,L,zero,False,1.0,False,0.0440679518206541,0.03494159026474853,0.02193010073332903,0.017241909060046596
zero L once,15,up,0.5,50.0,logistic,none,L,zero,False,1.0,False,0.059662178923380604,0.04731853176833577,0.02985311994401185,0.022206856045255022
zero L once,16,up,0.5333333333333333,50.0,logistic,none,L,zero,False,1.0,False,0.08619134874434972,0.06706864571470456,0.04159070167703358,0.02927080776887561
zero L once,17,up,0.5666666666666667,50.0,logistic,none,L,zero,False,1.0,False,0.15200918020904294,0.10757368561499447,0.06163676515500085,0.04090035158032538
zero L once,18,up,0.6,50.0,logistic,none,L,zero,False,1.0,False,0.9693331315857276,0.5328145018434326,0.1767520652269293,0.10647584776274131
zero L once,19,up,0.6333333333333333,50.0,logistic,none,L,zero,False,1.0,False,0.9928810837197899,0.8221093214995902,0.3191595287522151,0.19043082245546195
zero L once,20,up,0.6666666666666666,50.0,logistic,none,L,zero,False,1.0,False,0.9971994835294868,0.9301660148262696,0.44213140556598635,0.26717738960021536
zero L once,21,up,0.7,50.0,logistic,none,L,zero,False,1.0,False,0.9986250010030602,0.9687282910719426,0.5465134131880691,0.33679930246783873
zero L once,22,up,0.7333333333333333,50.0,logistic,none,L,zero,False,1.0,False,0.9992508366475077,0.9826853030920307,0.6341871603383972,0.39985995672886865
zero L once,23,up,0.7666666666666666,50.0,logistic,none,L,zero,False,1.0,False,0.999567857099549,0.9883434362448505,0.7071441635888495,0.45694794546219447
zero L once,24,up,0.8,50.0,logistic,none,L,zero,False,1.0,False,0.9997411876014636,0.9912559926419344,0.7673161857761636,0.5086170893572538
zero L once,25,up,0.8333333333333334,50.0,logistic,none,L,zero,False,1.0,False,0.999840529562325,0.9932240662382874,0.8165133313507172,0.5553762616564167
zero L once,26,up,0.8666666666666667,50.0,logistic,none,L,zero,False,1.0,False,0.9998994429429369,0.9948159660951799,0.8563936033257643,0.5976892886835099
zero L once,27,up,0.9,50.0,logistic,none,L,zero,False,1.0,False,0.999935353861503,0.9962138411209059,0.888448129387234,0.635977482137405
zero L once,28,up,0.9333333333333333,50.0,logistic,none,L,zero,False,1.0,False,0.9999577575072477,0.9974821648988607,0.9139966273281703,0.67062288828993
zero L once,29,up,0.9666666666666667,50.0,logistic,none,L,zero,False,1.0,False,0.9999720155488411,0.9986491063468435,0.9341901728584239,0.7019716355380358
zero L once,30,up,1.0,50.0,logistic,none,L,zero,False,1.0,False,0.9999812462115523,0.9997306239873,0.9500191835925664,0.7303371532150692
zero L once,31,down,0.9666666666666667,50.0,logistic,none,L,zero,False,1.0,True,0.9999071402966656,0.9990310033141921,0.23479531537893022,0.7559980534340703
zero L once,32,down,0.9333333333333333,50.0,logistic,none,L,zero,False,1.0,False,0.999907907446554,0.9980242982864672,0.41004935099094963,0.7792169708688985
zero L once,33,down,0.9,50.0,logistic,none,L,zero,False,1.0,False,0.9999008834425529,0.9968908227511223,0.5417363225266152,0.8002258632963414
zero L once,34,down,0.8666666666666667,50.0,logistic,none,L,zero,False,1.0,False,0.9998866625582945,0.9956593709721804,0.6413438357447198,0.8192346699521631
zero L once,35,down,0.8333333333333334,50.0,logistic,none,L,zero,False,1.0,False,0.9998644019815359,0.9943283359432487,0.7171826184305471,0.8364333682653029
zero L once,36,down,0.8,50.0,logistic,none,L,zero,False,1.0,False,0.9998321440840809,0.9928880633461568,0.7753008178208869,0.8519938035697132
zero L once,37,down,0.7666666666666666,50.0,logistic,none,L,zero,False,1.0,False,0.9997867628871019,0.9913251103003848,0.8201259175078875,0.8660713580382409
zero L once,38,down,0.7333333333333334,50.0,logistic,none,L,zero,False,1.0,False,0.9997236871402859,0.9896227615823593,0.8549178844646433,0.8788064569441677
zero L once,39,down,0.7,50.0,logistic,none,L,zero,False,1.0,False,0.9996364223686682,0.9877605892956444,0.8820908020184298,0.8903259168773614
zero L once,40,down,0.6666666666666667,50.0,logistic,none,L,zero,False,1.0,False,0.9995158359540968,0.9857136000945338,0.9034423843725677,0.9007441408155251
zero L once,41,down,0.6333333333333333,50.0,logistic,none,L,zero,False,1.0,False,0.999349127062959,0.983451037877863,0.9203186136253074,0.9101641624715314
zero L once,42,down,0.6,50.0,logistic,none,L,zero,False,1.0,False,0.999118356639724,0.9809347841877832,0.9337324278051816,0.9186785379594793
zero L once,43,down,0.5666666666666667,50.0,logistic,none,L,zero,False,1.0,False,0.9987983489951039,0.9781172416228338,0.9444496732262758,0.9263700763784269
zero L once,44,down,0.5333333333333333,50.0,logistic,none,L,zero,False,1.0,False,0.9983536811942841,0.9749385353536564,0.9530515816313188,0.933312391565328
zero L once,45,down,0.5,50.0,logistic,none,L,zero,False,1.0,False,0.9977343266224759,0.9713228061077295,0.9599802791580161,0.9395702433706883
zero L once,46,down,0.4666666666666667,50.0,logistic,none,L,zero,False,1.0,False,0.996869273904933,0.9671732836702818,0.9655718971244319,0.9451996153689911
zero L once,47,down,0.43333333333333335,50.0,logistic,none,L,zero,False,1.0,False,0.9956570236394504,0.9623657088491927,0.9700804690596729,0.950247441385103
zero L once,48,down,0.4,50.0,logistic,none,L,zero,False,1.0,False,0.9939511147996047,0.9567394893586525,0.9736947739527272,0.9547508348556247
zero L once,49,down,0.3666666666666667,50.0,logistic,none,L,zero,False,1.0,False,0.9915374086544683,0.9500856825907078,0.9765494718153218,0.9587355708337915
zero L once,50,down,0.33333333333333337,50.0,logistic,none,L,zero,False,1.0,False,0.98809696874086,0.9421303894530442,0.9787311258798767,0.962213372113034
zero L once,51,down,0.30000000000000004,50.0,logistic,none,L,zero,False,1.0,False,0.9831420166009476,0.9325111590124474,0.980278804394506,0.9651771436257148
zero L once,52,down,0.2666666666666667,50.0,logistic,none,L,zero,False,1.0,False,0.9758969543050449,0.9207418266676815,0.9811774619027465,0.9675923803211426
zero L once,53,down,0.2333333333333334,50.0,logistic,none,L,zero,False,1.0,False,0.9650533874119194,0.906155534698917,0.9813389886280776,0.9693806325374441
zero L once,54,down,0.19999999999999996,50.0,logistic,none,L,zero,False,1.0,False,0.948184336248599,0.8877975092192181,0.9805563744267086,0.9703838608694432
zero L once,55,down,0.16666666666666663,50.0,logistic,none,L,zero,False,1.0,False,0.9199677312946087,0.8641617198083984,0.9783805701514384,0.970271110208719
zero L once,56,down,0.1333333333333333,50.0,logistic,none,L,zero,False,1.0,False,0.8636016376787755,0.8321214671563727,0.973648727090468,0.9681781403559367
zero L once,57,down,0.09999999999999998,50.0,logistic,none,L,zero,False,1.0,False,0.1358282216638275,0.7303771257363559,0.9454984921153448,0.9478191435888129
zero L once,58,down,0.06666666666666665,50.0,logistic,none,L,zero,False,1.0,False,0.0699413711903329,0.6317874995574055,0.9032952254782346,0.9161452508091462
zero L once,59,down,0.033333333333333326,50.0,logistic,none,L,zero,False,1.0,False,0.042363371022698895,0.5718615185318754,0.861521808378213,0.8843990539194798
zero L once,60,down,0.0,50.0,logistic,none,L,zero,False,1.0,False,0.027299031670062587,0.5439687829537625,0.8209292539746205,0.853159214512578
zero M+L once,0,up,0.0,50.0,logistic,none,L+M,zero,False,1.0,False,0.0020448364975812626,0.0,9.871344499494516e-05,0.00019862605479112498
zero M+L once,1,up,0.03333333333333333,50.0,logistic,none,L+M,zero,False,1.0,False,0.0025029324785455533,0.00013159935951748394,0.00023374505884831673,0.0004359850340654468
zero M+L once,2,up,0.06666666666666667,50.0,logistic,none,L+M,zero,False,1.0,False,0.0030654383533482827,0.000426373662091424,0.0004159268197644787,0.0007195104162597072
zero M+L once,3,up,0.1,50.0,logistic,none,L+M,zero,False,1.0,False,0.003757304123247494,0.0009074198371457932,0.0006602234776100513,0.0010600802914573744
zero M+L once,4,up,0.13333333333333333,50.0,logistic,none,L+M,zero,False,1.0,False,0.004610061481499602,0.0015922388774949,0.0009861054859565828,0.0014712131324571835
zero M+L once,5,up,0.16666666666666666,50.0,logistic,none,L+M,zero,False,1.0,False,0.005663871998069361,0.0024984787309673346,0.0014189482006142706,0.001969790464008456
zero M+L once,6,up,0.2,50.0,logistic,none,L+M,zero,False,1.0,False,0.006970412546598824,0.0036511987459059347,0.0019919170748673816,0.002577019425939436
zero M+L once,7,up,0.23333333333333334,50.0,logistic,none,L+M,zero,False,1.0,False,0.00859706650557227,0.005090504552365644,0.0027485494249790197,0.003319742755957588
zero M+L once,8,up,0.26666666666666666,50.0,logistic,none,L+M,zero,False,1.0,False,0.010633217099108977,0.006879216070052647,0.0037463659500441174,0.004232268835360596
zero M+L once,9,up,0.3,50.0,logistic,none,L+M,zero,False,1.0,False,0.01320006048183716,0.009111420212119426,0.005062060548431158,0.005359009223298048
zero M+L once,10,up,0.3333333333333333,50.0,logistic,none,L+M,zero,False,1.0,False,0.016466610738391965,0.011924214002242063,0.00679921537405936,0.006758424780048758
zero M+L once,11,up,0.36666666666666664,50.0,logistic,none,L+M,zero,False,1.0,False,0.02067728956892469,0.015517027013555394,0.009100274067289681,0.008509206151885319
zero M+L once,12,up,0.4,50.0,logistic,none,L+M,zero,False,1.0,False,0.026202930383001744,0.020187024609889748,0.01216618461942087,0.010720527761662676
zero M+L once,13,up,0.43333333333333335,50.0,logistic,none,L+M,zero,False,1.0,False,0.03364407132623553,0.02639939164108085,0.016291086045351042,0.013550384640979286
zero M+L once,14,up,0.4666666666666667,50.0,logistic,none,L+M,zero,False,1.0,False,0.0440679518206541,0.03494159026474853,0.02193010073332903,0.017241909060046596
zero M+L once,15,up,0.5,50.0,logistic,none,L+M,zero,False,1.0,False,0.059662178923380604,0.04731853176833577,0.02985311994401185,0.022206856045255022
zero M+L once,16,up,0.5333333333333333,50.0,logistic,none,L+M,zero,False,1.0,False,0.08619134874434972,0.06706864571470456,0.04159070167703358,0.02927080776887561
zero M+L once,17,up,0.5666666666666667,50.0,logistic,none,L+M,zero,False,1.0,False,0.15200918020904294,0.10757368561499447,0.06163676515500085,0.04090035158032538
zero M+L once,18,up,0.6,50.0,logistic,none,L+M,zero,False,1.0,False,0.9693331315857276,0.5328145018434326,0.1767520652269293,0.10647584776274131
zero M+L once,19,up,0.6333333333333333,50.0,logistic,none,L+M,zero,False,1.0,False,0.9928810837197899,0.8221093214995902,0.3191595287522151,0.19043082245546195
zero M+L once,20,up,0.6666666666666666,50.0,logistic,none,L+M,zero,False,1.0,False,0.9971994835294868,0.9301660148262696,0.44213140556598635,0.26717738960021536
zero M+L once,21,up,0.7,50.0,logistic,none,L+M,zero,False,1.0,False,0.9986250010030602,0.9687282910719426,0.5465134131880691,0.33679930246783873
zero M+L once,22,up,0.7333333333333333,50.0,logistic,none,L+M,zero,False,1.0,False,0.9992508366475077,0.9826853030920307,0.6341871603383972,0.39985995672886865
zero M+L once,23,up,0.7666666666666666,50.0,logistic,none,L+M,zero,False,1.0,False,0.999567857099549,0.9883434362448505,0.7071441635888495,0.45694794546219447
zero M+L once,24,up,0.8,50.0,logistic,none,L+M,zero,False,1.0,False,0.9997411876014636,0.9912559926419344,0.7673161857761636,0.5086170893572538
zero M+L once,25,up,0.8333333333333334,50.0,logistic,none,L+M,zero,False,1.0,False,0.999840529562325,0.9932240662382874,0.8165133313507172,0.5553762616564167
zero M+L once,26,up,0.8666666666666667,50.0,logistic,none,L+M,zero,False,1.0,False,0.9998994429429369,0.9948159660951799,0.8563936033257643,0.5976892886835099
zero M+L once,27,up,0.9,50.0,logistic,none,L+M,zero,False,1.0,False,0.999935353861503,0.9962138411209059,0.888448129387234,0.635977482137405
zero M+L once,28,up,0.9333333333333333,50.0,logistic,none,L+M,zero,False,1.0,False,0.9999577575072477,0.9974821648988607,0.9139966273281703,0.67062288828993
zero M+L once,29,up,0.9666666666666667,50.0,logistic,none,L+M,zero,False,1.0,False,0.9999720155488411,0.9986491063468435,0.9341901728584239,0.7019716355380358
zero M+L once,30,up,1.0,50.0,logistic,none,L+M,zero,False,1.0,False,0.9999812462115523,0.9997306239873,0.9500191835925664,0.7303371532150692
zero M+L once,31,down,0.9666666666666667,50.0,logistic,none,L+M,zero,False,1.0,True,0.9997941802095227,0.8001838144429435,0.23453901680370562,0.755936284304706
zero M+L once,32,down,0.9333333333333333,50.0,logistic,none,L+M,zero,False,1.0,False,0.9998918115633568,0.956362698784626,0.40984235229051214,0.7791583143616956
zero M+L once,33,down,0.9,50.0,logistic,none,L+M,zero,False,1.0,False,0.9998973967528201,0.9876771379441216,0.5415742128169941,0.8001723256676059
zero M+L once,34,down,0.8666666666666667,50.0,logistic,none,L+M,zero,False,1.0,False,0.9998857553591993,0.9935081929862796,0.6412167077733482,0.8191861222138832
zero M+L once,35,down,0.8333333333333334,50.0,logistic,none,L+M,zero,False,1.0,False,0.9998641232130594,0.9937980694241162,0.7170823139200585,0.836389412436065
zero M+L once,36,down,0.8,50.0,logistic,none,L+M,zero,False,1.0,False,0.9998320355751689,0.9927500431386206,0.7752211107746546,0.8519540217011243
zero M+L once,37,down,0.7666666666666666,50.0,logistic,none,L+M,zero,False,1.0,False,0.9997867035293672,0.9912871616077404,0.8200621076618136,0.8660353580363679
zero M+L once,38,down,0.7333333333333334,50.0,logistic,none,L+M,zero,False,1.0,False,0.9997236413883891,0.9896117246274466,0.8548664173936955,0.878773880271957
zero M+L once,39,down,0.7,50.0,logistic,none,L+M,zero,False,1.0,False,0.9996363783809106,0.9877571783676892,0.8820489770327805,0.8902964379744689
zero M+L once,40,down,0.6666666666666667,50.0,logistic,none,L+M,zero,False,1.0,False,0.9995157888768453,0.9857124638408559,0.9034081380029749,0.9007174646858513
zero M+L once,41,down,0.6333333333333333,50.0,logistic,none,L+M,zero,False,1.0,False,0.9993490741043015,0.9834506131919586,0.9202903601055537,0.9101400219822745
zero M+L once,42,down,0.6,50.0,logistic,none,L+M,zero,False,1.0,False,0.9991182954612587,0.9809345899533859,0.9337089413260572,0.9186566912403321
zero M+L once,43,down,0.5666666666666667,50.0,logistic,none,L+M,zero,False,1.0,False,0.9987982770879907,0.9781171211113685,0.9444300006543808,0.9263503044132665
zero M+L once,44,down,0.5333333333333333,50.0,logistic,none,L+M,zero,False,1.0,False,0.9983535955419353,0.9749384336912773,0.9530349774862923,0.9332944959873937
zero M+L once,45,down,0.5,50.0,logistic,none,L+M,zero,False,1.0,False,0.9977342234152891,0.9713227016707099,0.9599661569147185,0.9395540444488908
zero M+L once,46,down,0.4666666666666667,50.0,logistic,none,L+M,zero,False,1.0,False,0.9968691482039279,0.9671731658272602,0.9655597925408183,0.9451849501657205
zero M+L once,47,down,0.43333333333333335,50.0,logistic,none,L+M,zero,False,1.0,False,0.9956568689106041,0.9623655702707173,0.9700700124013447,0.9502341620628388
zero M+L once,48,down,0.4,50.0,logistic,none,L+M,zero,False,1.0,False,0.9939509222162858,0.9567393230593435,0.9736856688231338,0.9547388071063786
zero M+L once,49,down,0.3666666666666667,50.0,logistic,none,L+M,zero,False,1.0,False,0.9915371659911796,0.9500854804893143,0.976541478899756,0.9587246723992099
zero M+L once,50,down,0.33333333333333337,50.0,logistic,none,L+M,zero,False,1.0,False,0.9880966585138772,0.9421301412890422,0.9787240503351171,0.9622034913497538
zero M+L once,51,down,0.30000000000000004,50.0,logistic,none,L+M,zero,False,1.0,False,0.9831416127194972,0.9325108510548105,0.9802724859017111,0.9651681780410966
zero M+L once,52,down,0.2666666666666667,50.0,logistic,none,L+M,zero,False,1.0,False,0.9758964154834284,0.9207414396669001,0.9811717665545856,0.967584234933944
zero M+L once,53,down,0.2333333333333334,50.0,logistic,none,L+M,zero,False,1.0,False,0.9650526425663648,0.9061550400152852,0.9813338017759105,0.96937321772796
zero M+L once,54,down,0.19999999999999996,50.0,logistic,none,L+M,zero,False,1.0,False,0.9481832459746152,0.8877968600943362,0.9805515930326713,0.9703770887703331
zero M+L once,55,down,0.16666666666666663,50.0,logistic,none,L+M,zero,False,1.0,False,0.9199659526093595,0.8641608257423824,0.9783760901656386,0.9702648860312789
zero M+L once,56,down,0.1333333333333333,50.0,logistic,none,L+M,zero,False,1.0,False,0.8635977498228858,0.8321200643847354,0.9736443964704344,0.9681723242911789
zero M+L once,57,down,0.09999999999999998,50.0,logistic,none,L+M,zero,False,1.0,False,0.1358225383645618,0.7303697621155439,0.9454923430947235,0.9478120538035194
zero M+L once,58,down,0.06666666666666665,50.0,logistic,none,L+M,zero,False,1.0,False,0.06993945812103039,0.631780971489928,0.9032892665852299,0.9161383598664016
zero M+L once,59,down,0.033333333333333326,50.0,logistic,none,L+M,zero,False,1.0,False,0.04236242223985168,0.5718555780212831,0.8615160886829287,0.8843923896086913
zero M+L once,60,down,0.0,50.0,logistic,none,L+M,zero,False,1.0,False,0.02729850127155235,0.5439631321935497,0.8209237845944842,0.8531527809261328
reference-restore M+L,0,up,0.0,50.0,logistic,none,L+M,reference,True,1.0,False,0.0020448364975812626,0.0,9.871344499494516e-05,0.00019862605479112498
reference-restore M+L,1,up,0.03333333333333333,50.0,logistic,none,L+M,reference,True,1.0,False,0.0025029324785455533,0.00013159935951748394,0.00023374505884831673,0.0004359850340654468
reference-restore M+L,2,up,0.06666666666666667,50.0,logistic,none,L+M,reference,True,1.0,False,0.0030654383533482827,0.000426373662091424,0.0004159268197644787,0.0007195104162597072
reference-restore M+L,3,up,0.1,50.0,logistic,none,L+M,reference,True,1.0,False,0.003757304123247494,0.0009074198371457932,0.0006602234776100513,0.0010600802914573744
reference-restore M+L,4,up,0.13333333333333333,50.0,logistic,none,L+M,reference,True,1.0,False,0.004610061481499602,0.0015922388774949,0.0009861054859565828,0.0014712131324571835
reference-restore M+L,5,up,0.16666666666666666,50.0,logistic,none,L+M,reference,True,1.0,False,0.005663871998069361,0.0024984787309673346,0.0014189482006142706,0.001969790464008456
reference-restore M+L,6,up,0.2,50.0,logistic,none,L+M,reference,True,1.0,False,0.006970412546598824,0.0036511987459059347,0.0019919170748673816,0.002577019425939436
reference-restore M+L,7,up,0.23333333333333334,50.0,logistic,none,L+M,reference,True,1.0,False,0.00859706650557227,0.005090504552365644,0.0027485494249790197,0.003319742755957588
reference-restore M+L,8,up,0.26666666666666666,50.0,logistic,none,L+M,reference,True,1.0,False,0.010633217099108977,0.006879216070052647,0.0037463659500441174,0.004232268835360596
reference-restore M+L,9,up,0.3,50.0,logistic,none,L+M,reference,True,1.0,False,0.01320006048183716,0.009111420212119426,0.005062060548431158,0.005359009223298048
reference-restore M+L,10,up,0.3333333333333333,50.0,logistic,none,L+M,reference,True,1.0,False,0.016466610738391965,0.011924214002242063,0.00679921537405936,0.006758424780048758
reference-restore M+L,11,up,0.36666666666666664,50.0,logistic,none,L+M,reference,True,1.0,False,0.02067728956892469,0.015517027013555394,0.009100274067289681,0.008509206151885319
reference-restore M+L,12,up,0.4,50.0,logistic,none,L+M,reference,True,1.0,False,0.026202930383001744,0.020187024609889748,0.01216618461942087,0.010720527761662676
reference-restore M+L,13,up,0.43333333333333335,50.0,logistic,none,L+M,reference,True,1.0,False,0.03364407132623553,0.02639939164108085,0.016291086045351042,0.013550384640979286
reference-restore M+L,14,up,0.4666666666666667,50.0,logistic,none,L+M,reference,True,1.0,False,0.0440679518206541,0.03494159026474853,0.02193010073332903,0.017241909060046596
reference-restore M+L,15,up,0.5,50.0,logistic,none,L+M,reference,True,1.0,False,0.059662178923380604,0.04731853176833577,0.02985311994401185,0.022206856045255022
reference-restore M+L,16,up,0.5333333333333333,50.0,logistic,none,L+M,reference,True,1.0,False,0.08619134874434972,0.06706864571470456,0.04159070167703358,0.02927080776887561
reference-restore M+L,17,up,0.5666666666666667,50.0,logistic,none,L+M,reference,True,1.0,False,0.15200918020904294,0.10757368561499447,0.06163676515500085,0.04090035158032538
reference-restore M+L,18,up,0.6,50.0,logistic,none,L+M,reference,True,1.0,False,0.9693331315857276,0.5328145018434326,0.1767520652269293,0.10647584776274131
reference-restore M+L,19,up,0.6333333333333333,50.0,logistic,none,L+M,reference,True,1.0,False,0.9928810837197899,0.8221093214995902,0.3191595287522151,0.19043082245546195
reference-restore M+L,20,up,0.6666666666666666,50.0,logistic,none,L+M,reference,True,1.0,False,0.9971994835294868,0.9301660148262696,0.44213140556598635,0.26717738960021536
reference-restore M+L,21,up,0.7,50.0,logistic,none,L+M,reference,True,1.0,False,0.9986250010030602,0.9687282910719426,0.5465134131880691,0.33679930246783873
reference-restore M+L,22,up,0.7333333333333333,50.0,logistic,none,L+M,reference,True,1.0,False,0.9992508366475077,0.9826853030920307,0.6341871603383972,0.39985995672886865
reference-restore M+L,23,up,0.7666666666666666,50.0,logistic,none,L+M,reference,True,1.0,False,0.999567857099549,0.9883434362448505,0.7071441635888495,0.45694794546219447
reference-restore M+L,24,up,0.8,50.0,logistic,none,L+M,reference,True,1.0,False,0.9997411876014636,0.9912559926419344,0.7673161857761636,0.5086170893572538
reference-restore M+L,25,up,0.8333333333333334,50.0,logistic,none,L+M,reference,True,1.0,False,0.999840529562325,0.9932240662382874,0.8165133313507172,0.5553762616564167
reference-restore M+L,26,up,0.8666666666666667,50.0,logistic,none,L+M,reference,True,1.0,False,0.9998994429429369,0.9948159660951799,0.8563936033257643,0.5976892886835099
reference-restore M+L,27,up,0.9,50.0,logistic,none,L+M,reference,True,1.0,False,0.999935353861503,0.9962138411209059,0.888448129387234,0.635977482137405
reference-restore M+L,28,up,0.9333333333333333,50.0,logistic,none,L+M,reference,True,1.0,False,0.9999577575072477,0.9974821648988607,0.9139966273281703,0.67062288828993
reference-restore M+L,29,up,0.9666666666666667,50.0,logistic,none,L+M,reference,True,1.0,False,0.9999720155488411,0.9986491063468435,0.9341901728584239,0.7019716355380358
reference-restore M+L,30,up,1.0,50.0,logistic,none,L+M,reference,True,1.0,False,0.9999812462115523,0.9997306239873,0.9500191835925664,0.7303371532150692
reference-restore M+L,31,down,0.9666666666666667,50.0,logistic,none,L+M,reference,True,1.0,True,0.9931618134412857,0.0,0.0016402198850951715,0.7556571699824819
reference-restore M+L,32,down,0.9333333333333333,50.0,logistic,none,L+M,reference,True,1.0,False,0.9918367650511606,0.0,0.001660679612147522,0.778505484598201
reference-restore M+L,33,down,0.9,50.0,logistic,none,L+M,reference,True,1.0,False,0.9902186509060784,0.0,0.0016801523229484385,0.7991115117705265
reference-restore M+L,34,down,0.8666666666666667,50.0,logistic,none,L+M,reference,True,1.0,False,0.9882360287188869,0.0,0.0016986857190526806,0.8176742509870258
reference-restore M+L,35,down,0.8333333333333334,50.0,logistic,none,L+M,reference,True,1.0,False,0.985797216527513,0.0,0.0017163251934265262,0.8343702263093377
reference-restore M+L,36,down,0.8,50.0,logistic,none,L+M,reference,True,1.0,False,0.9827831034829423,0.0,0.0017331139422972583,0.8493545614217496
reference-restore M+L,37,down,0.7666666666666666,50.0,logistic,none,L+M,reference,True,1.0,False,0.9790365366008879,0.0,0.0017490930715788684,0.8627615350721487
reference-restore M+L,38,down,0.7333333333333334,50.0,logistic,none,L+M,reference,True,1.0,False,0.9743460677635879,0.0,0.001764301698137192,0.8747044422561714
reference-restore M+L,39,down,0.7,50.0,logistic,none,L+M,reference,True,1.0,False,0.9684199282330779,0.0,0.0017787770461449033,0.8852744386509624
reference-restore M+L,40,down,0.6666666666666667,50.0,logistic,none,L+M,reference,True,1.0,False,0.9608419835008027,0.0,0.0017925545387646033,0.8945377491348928
reference-restore M+L,41,down,0.6333333333333333,50.0,logistic,none,L+M,reference,True,1.0,False,0.9509917505463258,0.0,0.0018056678853867266,0.9025299721525518
reference-restore M+L,42,down,0.6,50.0,logistic,none,L+M,reference,True,1.0,False,0.9378849812836455,0.0,0.0018181491646379294,0.9092446263818651
reference-restore M+L,43,down,0.5666666666666667,50.0,logistic,none,L+M,reference,True,1.0,False,0.9198118269576524,0.0,0.0018300289033651837,0.9146085913368921
reference-restore M+L,44,down,0.5333333333333333,50.0,logistic,none,L+M,reference,True,1.0,False,0.8933359606263306,0.0,0.0018413361517908334,0.918421210368829
reference-restore M+L,45,down,0.5,50.0,logistic,none,L+M,reference,True,1.0,False,0.849346404100542,0.0,0.0018520985550243532,0.9201518395288191
reference-restore M+L,46,down,0.4666666666666667,50.0,logistic,none,L+M,reference,True,1.0,False,0.7211780402391814,0.0,0.001862342421107593,0.9171937459277163
reference-restore M+L,47,down,0.43333333333333335,50.0,logistic,none,L+M,reference,True,1.0,False,0.12144631479085682,0.0,0.0018720927857616572,0.8916815721306818
reference-restore M+L,48,down,0.4,50.0,logistic,none,L+M,reference,True,1.0,False,0.08482329866759318,0.0,0.0018813734739954423,0.8627590301070343
reference-restore M+L,49,down,0.3666666666666667,50.0,logistic,none,L+M,reference,True,1.0,False,0.0620537255466965,0.0,0.0018902071587280473,0.833951936536116
reference-restore M+L,50,down,0.33333333333333337,50.0,logistic,none,L+M,reference,True,1.0,False,0.04654690305259885,0.0,0.0018986154165699313,0.8055451849605669
reference-restore M+L,51,down,0.30000000000000004,50.0,logistic,none,L+M,reference,True,1.0,False,0.03547060164843746,0.0,0.001906618780900619,0.7776983575514022
reference-restore M+L,52,down,0.2666666666666667,50.0,logistic,none,L+M,reference,True,1.0,False,0.027324794245075227,0.0,0.0019142367923740801,0.7505073594626509
reference-restore M+L,53,down,0.2333333333333334,50.0,logistic,none,L+M,reference,True,1.0,False,0.021216266128307917,0.0,0.001921488046976567,0.7240308391355752
reference-restore M+L,54,down,0.19999999999999996,50.0,logistic,none,L+M,reference,True,1.0,False,0.01657189318559124,0.0,0.0019283902417555883,0.6983036946377216
reference-restore M+L,55,down,0.16666666666666663,50.0,logistic,none,L+M,reference,True,1.0,False,0.013004654964898962,0.0,0.001934960218333,0.6733448076414904
reference-restore M+L,56,down,0.1333333333333333,50.0,logistic,none,L+M,reference,True,1.0,False,0.010243468180768057,0.0,0.0019412140043096357,0.6491618449526314
reference-restore M+L,57,down,0.09999999999999998,50.0,logistic,none,L+M,reference,True,1.0,False,0.008093257818357064,0.0,0.0019471668526637694,0.6257544251020851
reference-restore M+L,58,down,0.06666666666666665,50.0,logistic,none,L+M,reference,True,1.0,False,0.00641074975885695,0.0,0.0019528332792406776,0.6031163051564357
reference-restore M+L,59,down,0.033333333333333326,50.0,logistic,none,L+M,reference,True,1.0,False,0.005089047975201978,0.0,0.0019582270984258455,0.5812369451472132
reference-restore M+L,60,down,0.0,50.0,logistic,none,L+M,reference,True,1.0,False,0.004047411460038057,0.0,0.0019633614570899512,0.5601026577488858
facilitate C recovery,0,up,0.0,50.0,logistic,none,none,none,False,4.0,False,0.0020448364975812626,0.0,9.871344499494516e-05,0.00019862605479112498
facilitate C recovery,1,up,0.03333333333333333,50.0,logistic,none,none,none,False,4.0,False,0.0025029324785455533,0.00013159935951748394,0.00023374505884831673,0.0004359850340654468
facilitate C recovery,2,up,0.06666666666666667,50.0,logistic,none,none,none,False,4.0,False,0.0030654383533482827,0.000426373662091424,0.0004159268197644787,0.0007195104162597072
facilitate C recovery,3,up,0.1,50.0,logistic,none,none,none,False,4.0,False,0.003757304123247494,0.0009074198371457932,0.0006602234776100513,0.0010600802914573744
facilitate C recovery,4,up,0.13333333333333333,50.0,logistic,none,none,none,False,4.0,False,0.004610061481499602,0.0015922388774949,0.0009861054859565828,0.0014712131324571835
facilitate C recovery,5,up,0.16666666666666666,50.0,logistic,none,none,none,False,4.0,False,0.005663871998069361,0.0024984787309673346,0.0014189482006142706,0.001969790464008456
facilitate C recovery,6,up,0.2,50.0,logistic,none,none,none,False,4.0,False,0.006970412546598824,0.0036511987459059347,0.0019919170748673816,0.002577019425939436
facilitate C recovery,7,up,0.23333333333333334,50.0,logistic,none,none,none,False,4.0,False,0.00859706650557227,0.005090504552365644,0.0027485494249790197,0.003319742755957588
facilitate C recovery,8,up,0.26666666666666666,50.0,logistic,none,none,none,False,4.0,False,0.010633217099108977,0.006879216070052647,0.0037463659500441174,0.004232268835360596
facilitate C recovery,9,up,0.3,50.0,logistic,none,none,none,False,4.0,False,0.01320006048183716,0.009111420212119426,0.005062060548431158,0.005359009223298048
facilitate C recovery,10,up,0.3333333333333333,50.0,logistic,none,none,none,False,4.0,False,0.016466610738391965,0.011924214002242063,0.00679921537405936,0.006758424780048758
facilitate C recovery,11,up,0.36666666666666664,50.0,logistic,none,none,none,False,4.0,False,0.02067728956892469,0.015517027013555394,0.009100274067289681,0.008509206151885319
facilitate C recovery,12,up,0.4,50.0,logistic,none,none,none,False,4.0,False,0.026202930383001744,0.020187024609889748,0.01216618461942087,0.010720527761662676
facilitate C recovery,13,up,0.43333333333333335,50.0,logistic,none,none,none,False,4.0,False,0.03364407132623553,0.02639939164108085,0.016291086045351042,0.013550384640979286
facilitate C recovery,14,up,0.4666666666666667,50.0,logistic,none,none,none,False,4.0,False,0.0440679518206541,0.03494159026474853,0.02193010073332903,0.017241909060046596
facilitate C recovery,15,up,0.5,50.0,logistic,none,none,none,False,4.0,False,0.059662178923380604,0.04731853176833577,0.02985311994401185,0.022206856045255022
facilitate C recovery,16,up,0.5333333333333333,50.0,logistic,none,none,none,False,4.0,False,0.08619134874434972,0.06706864571470456,0.04159070167703358,0.02927080776887561
facilitate C recovery,17,up,0.5666666666666667,50.0,logistic,none,none,none,False,4.0,False,0.15200918020904294,0.10757368561499447,0.06163676515500085,0.04090035158032538
facilitate C recovery,18,up,0.6,50.0,logistic,none,none,none,False,4.0,False,0.9693331315857276,0.5328145018434326,0.1767520652269293,0.10647584776274131
facilitate C recovery,19,up,0.6333333333333333,50.0,logistic,none,none,none,False,4.0,False,0.9928810837197899,0.8221093214995902,0.3191595287522151,0.19043082245546195
facilitate C recovery,20,up,0.6666666666666666,50.0,logistic,none,none,none,False,4.0,False,0.9971994835294868,0.9301660148262696,0.44213140556598635,0.26717738960021536
facilitate C recovery,21,up,0.7,50.0,logistic,none,none,none,False,4.0,False,0.9986250010030602,0.9687282910719426,0.5465134131880691,0.33679930246783873
facilitate C recovery,22,up,0.7333333333333333,50.0,logistic,none,none,none,False,4.0,False,0.9992508366475077,0.9826853030920307,0.6341871603383972,0.39985995672886865
facilitate C recovery,23,up,0.7666666666666666,50.0,logistic,none,none,none,False,4.0,False,0.999567857099549,0.9883434362448505,0.7071441635888495,0.45694794546219447
facilitate C recovery,24,up,0.8,50.0,logistic,none,none,none,False,4.0,False,0.9997411876014636,0.9912559926419344,0.7673161857761636,0.5086170893572538
facilitate C recovery,25,up,0.8333333333333334,50.0,logistic,none,none,none,False,4.0,False,0.999840529562325,0.9932240662382874,0.8165133313507172,0.5553762616564167
facilitate C recovery,26,up,0.8666666666666667,50.0,logistic,none,none,none,False,4.0,False,0.9998994429429369,0.9948159660951799,0.8563936033257643,0.5976892886835099
facilitate C recovery,27,up,0.9,50.0,logistic,none,none,none,False,4.0,False,0.999935353861503,0.9962138411209059,0.888448129387234,0.635977482137405
facilitate C recovery,28,up,0.9333333333333333,50.0,logistic,none,none,none,False,4.0,False,0.9999577575072477,0.9974821648988607,0.9139966273281703,0.67062288828993
facilitate C recovery,29,up,0.9666666666666667,50.0,logistic,none,none,none,False,4.0,False,0.9999720155488411,0.9986491063468435,0.9341901728584239,0.7019716355380358
facilitate C recovery,30,up,1.0,50.0,logistic,none,none,none,False,4.0,False,0.9999812462115523,0.9997306239873,0.9500191835925664,0.7303371532150692
facilitate C recovery,31,down,0.9666666666666667,50.0,logistic,none,none,none,False,4.0,False,0.9999750967506573,0.9990978295570212,0.9617543174308146,0.7560005346657758
facilitate C recovery,32,down,0.9333333333333333,50.0,logistic,none,none,none,False,4.0,False,0.9999666118917634,0.998093824168017,0.970512893857828,0.7792201097219815
facilitate C recovery,33,down,0.9,50.0,logistic,none,none,none,False,4.0,False,0.9999549289176906,0.9969553616862347,0.9770934554375524,0.8002280407448372
facilitate C recovery,34,down,0.8666666666666667,50.0,logistic,none,none,none,False,4.0,False,0.9999388309327693,0.995720299641234,0.9820701450944604,0.819234224534749
facilitate C recovery,35,down,0.8333333333333334,50.0,logistic,none,none,none,False,4.0,False,0.9999166215025329,0.9943878378665376,0.9858582101375934,0.8364283440394498
facilitate C recovery,36,down,0.8,50.0,logistic,none,none,none,False,4.0,False,0.9998859388085392,0.9929480137341672,0.9887597108357252,0.8519816991554173
facilitate C recovery,37,down,0.7666666666666666,50.0,logistic,none,none,none,False,4.0,False,0.9998434931108343,0.9913871000896008,0.9909955880293655,0.8660488265565836
facilitate C recovery,38,down,0.7333333333333334,50.0,logistic,none,none,none,False,4.0,False,0.9997846982061063,0.9896882465782046,0.9927282754384024,0.8787689136793896
facilitate C recovery,39,down,0.7,50.0,logistic,none,none,none,False,4.0,False,0.9997031538553928,0.9878310180680615,0.9940777170885786,0.8902670055341226
facilitate C recovery,40,down,0.6666666666666667,50.0,logistic,none,none,none,False,4.0,False,0.9995899174223063,0.9857905165814853,0.9951327528542382,0.90065499451454
facilitate C recovery,41,down,0.6333333333333333,50.0,logistic,none,none,none,False,4.0,False,0.9994324758043989,0.983536171696901,0.9959592231529127,0.9100323719066928
facilitate C recovery,42,down,0.6,50.0,logistic,none,none,none,False,4.0,False,0.9992132884586459,0.9810301397874415,0.9966057227850268,0.9184867038446044
facilitate C recovery,43,down,0.5666666666666667,50.0,logistic,none,none,none,False,4.0,False,0.9989077113485985,0.9782251942579946,0.99710764036562,0.9260937716336025
facilitate C recovery,44,down,0.5333333333333333,50.0,logistic,none,none,none,False,4.0,False,0.9984810171009794,0.9750619393263975,0.9974899104547778,0.932917282773925
facilitate C recovery,45,down,0.5,50.0,logistic,none,none,none,False,4.0,False,0.9978840757155846,0.9714651178981775,0.9977687497454202,0.9390080081173375
facilitate C recovery,46,down,0.4666666666666667,50.0,logistic,none,none,none,False,4.0,False,0.9970470105104022,0.9673386977048072,0.9979525231075148,0.9444021208767179
facilitate C recovery,47,down,0.43333333333333335,50.0,logistic,none,none,none,False,4.0,False,0.9958697133633583,0.9625592935177085,0.9980417689223887,0.9491183835311721
facilitate C recovery,48,down,0.4,50.0,logistic,none,none,none,False,4.0,False,0.9942073230571463,0.9569672891534314,0.9980282815691989,0.9531536080455209
facilitate C recovery,49,down,0.3666666666666667,50.0,logistic,none,none,none,False,4.0,False,0.9918472725548141,0.9503547054308903,0.9978929642843845,0.9564754189740918
facilitate C recovery,50,down,0.33333333333333337,50.0,logistic,none,none,none,False,4.0,False,0.9884714308395497,0.9424482960622943,0.9976018541804456,0.9590105921064688
facilitate C recovery,51,down,0.30000000000000004,50.0,logistic,none,none,none,False,4.0,False,0.9835899819550317,0.9328852399549126,0.9970991147239409,0.9606256775718282
facilitate C recovery,52,down,0.2666666666666667,50.0,logistic,none,none,none,False,4.0,False,0.9764166135930625,0.9211762929383024,0.9962944505118517,0.961093057908814
facilitate C recovery,53,down,0.2333333333333334,50.0,logistic,none,none,none,False,4.0,False,0.9656060530887256,0.9066446308026685,0.9950389986806814,0.9600264079753134
facilitate C recovery,54,down,0.19999999999999996,50.0,logistic,none,none,none,False,4.0,False,0.9486079328310031,0.8883070090860806,0.9930734326536059,0.9567413011339165
facilitate C recovery,55,down,0.16666666666666663,50.0,logistic,none,none,none,False,4.0,False,0.9196169535164191,0.8645692521634581,0.989890997614449,0.9498832900230763
facilitate C recovery,56,down,0.1333333333333333,50.0,logistic,none,none,none,False,4.0,False,0.8586581860448489,0.8318978217655534,0.9841860124124244,0.9359050664054678
facilitate C recovery,57,down,0.09999999999999998,50.0,logistic,none,none,none,False,4.0,False,0.11308517013815518,0.7210064965100089,0.9523969655011129,0.8492212127219559
facilitate C recovery,58,down,0.06666666666666665,50.0,logistic,none,none,none,False,4.0,False,0.0541035868977949,0.6222972912990312,0.9091302053221073,0.7391845840063503
facilitate C recovery,59,down,0.033333333333333326,50.0,logistic,none,none,none,False,4.0,False,0.030642187045480287,0.562711282282007,0.8665097485113555,0.6405230837602974
facilitate C recovery,60,down,0.0,50.0,logistic,none,none,none,False,4.0,False,0.018663987224544692,0.5352648525173204,0.8252555752838239,0.5537713742628507
reference-restore M+L + C recovery,0,up,0.0,50.0,logistic,none,L+M,reference,True,4.0,False,0.0020448364975812626,0.0,9.871344499494516e-05,0.00019862605479112498
reference-restore M+L + C recovery,1,up,0.03333333333333333,50.0,logistic,none,L+M,reference,True,4.0,False,0.0025029324785455533,0.00013159935951748394,0.00023374505884831673,0.0004359850340654468
reference-restore M+L + C recovery,2,up,0.06666666666666667,50.0,logistic,none,L+M,reference,True,4.0,False,0.0030654383533482827,0.000426373662091424,0.0004159268197644787,0.0007195104162597072
reference-restore M+L + C recovery,3,up,0.1,50.0,logistic,none,L+M,reference,True,4.0,False,0.003757304123247494,0.0009074198371457932,0.0006602234776100513,0.0010600802914573744
reference-restore M+L + C recovery,4,up,0.13333333333333333,50.0,logistic,none,L+M,reference,True,4.0,False,0.004610061481499602,0.0015922388774949,0.0009861054859565828,0.0014712131324571835
reference-restore M+L + C recovery,5,up,0.16666666666666666,50.0,logistic,none,L+M,reference,True,4.0,False,0.005663871998069361,0.0024984787309673346,0.0014189482006142706,0.001969790464008456
reference-restore M+L + C recovery,6,up,0.2,50.0,logistic,none,L+M,reference,True,4.0,False,0.006970412546598824,0.0036511987459059347,0.0019919170748673816,0.002577019425939436
reference-restore M+L + C recovery,7,up,0.23333333333333334,50.0,logistic,none,L+M,reference,True,4.0,False,0.00859706650557227,0.005090504552365644,0.0027485494249790197,0.003319742755957588
reference-restore M+L + C recovery,8,up,0.26666666666666666,50.0,logistic,none,L+M,reference,True,4.0,False,0.010633217099108977,0.006879216070052647,0.0037463659500441174,0.004232268835360596
reference-restore M+L + C recovery,9,up,0.3,50.0,logistic,none,L+M,reference,True,4.0,False,0.01320006048183716,0.009111420212119426,0.005062060548431158,0.005359009223298048
reference-restore M+L + C recovery,10,up,0.3333333333333333,50.0,logistic,none,L+M,reference,True,4.0,False,0.016466610738391965,0.011924214002242063,0.00679921537405936,0.006758424780048758
reference-restore M+L + C recovery,11,up,0.36666666666666664,50.0,logistic,none,L+M,reference,True,4.0,False,0.02067728956892469,0.015517027013555394,0.009100274067289681,0.008509206151885319
reference-restore M+L + C recovery,12,up,0.4,50.0,logistic,none,L+M,reference,True,4.0,False,0.026202930383001744,0.020187024609889748,0.01216618461942087,0.010720527761662676
reference-restore M+L + C recovery,13,up,0.43333333333333335,50.0,logistic,none,L+M,reference,True,4.0,False,0.03364407132623553,0.02639939164108085,0.016291086045351042,0.013550384640979286
reference-restore M+L + C recovery,14,up,0.4666666666666667,50.0,logistic,none,L+M,reference,True,4.0,False,0.0440679518206541,0.03494159026474853,0.02193010073332903,0.017241909060046596
reference-restore M+L + C recovery,15,up,0.5,50.0,logistic,none,L+M,reference,True,4.0,False,0.059662178923380604,0.04731853176833577,0.02985311994401185,0.022206856045255022
reference-restore M+L + C recovery,16,up,0.5333333333333333,50.0,logistic,none,L+M,reference,True,4.0,False,0.08619134874434972,0.06706864571470456,0.04159070167703358,0.02927080776887561
reference-restore M+L + C recovery,17,up,0.5666666666666667,50.0,logistic,none,L+M,reference,True,4.0,False,0.15200918020904294,0.10757368561499447,0.06163676515500085,0.04090035158032538
reference-restore M+L + C recovery,18,up,0.6,50.0,logistic,none,L+M,reference,True,4.0,False,0.9693331315857276,0.5328145018434326,0.1767520652269293,0.10647584776274131
reference-restore M+L + C recovery,19,up,0.6333333333333333,50.0,logistic,none,L+M,reference,True,4.0,False,0.9928810837197899,0.8221093214995902,0.3191595287522151,0.19043082245546195
reference-restore M+L + C recovery,20,up,0.6666666666666666,50.0,logistic,none,L+M,reference,True,4.0,False,0.9971994835294868,0.9301660148262696,0.44213140556598635,0.26717738960021536
reference-restore M+L + C recovery,21,up,0.7,50.0,logistic,none,L+M,reference,True,4.0,False,0.9986250010030602,0.9687282910719426,0.5465134131880691,0.33679930246783873
reference-restore M+L + C recovery,22,up,0.7333333333333333,50.0,logistic,none,L+M,reference,True,4.0,False,0.9992508366475077,0.9826853030920307,0.6341871603383972,0.39985995672886865
reference-restore M+L + C recovery,23,up,0.7666666666666666,50.0,logistic,none,L+M,reference,True,4.0,False,0.999567857099549,0.9883434362448505,0.7071441635888495,0.45694794546219447
reference-restore M+L + C recovery,24,up,0.8,50.0,logistic,none,L+M,reference,True,4.0,False,0.9997411876014636,0.9912559926419344,0.7673161857761636,0.5086170893572538
reference-restore M+L + C recovery,25,up,0.8333333333333334,50.0,logistic,none,L+M,reference,True,4.0,False,0.999840529562325,0.9932240662382874,0.8165133313507172,0.5553762616564167
reference-restore M+L + C recovery,26,up,0.8666666666666667,50.0,logistic,none,L+M,reference,True,4.0,False,0.9998994429429369,0.9948159660951799,0.8563936033257643,0.5976892886835099
reference-restore M+L + C recovery,27,up,0.9,50.0,logistic,none,L+M,reference,True,4.0,False,0.999935353861503,0.9962138411209059,0.888448129387234,0.635977482137405
reference-restore M+L + C recovery,28,up,0.9333333333333333,50.0,logistic,none,L+M,reference,True,4.0,False,0.9999577575072477,0.9974821648988607,0.9139966273281703,0.67062288828993
reference-restore M+L + C recovery,29,up,0.9666666666666667,50.0,logistic,none,L+M,reference,True,4.0,False,0.9999720155488411,0.9986491063468435,0.9341901728584239,0.7019716355380358
reference-restore M+L + C recovery,30,up,1.0,50.0,logistic,none,L+M,reference,True,4.0,False,0.9999812462115523,0.9997306239873,0.9500191835925664,0.7303371532150692
reference-restore M+L + C recovery,31,down,0.9666666666666667,50.0,logistic,none,L+M,reference,True,4.0,True,0.9931573474257323,0.0,0.0016402198850951715,0.7551151973468102
reference-restore M+L + C recovery,32,down,0.9333333333333333,50.0,logistic,none,L+M,reference,True,4.0,False,0.9918250970644967,0.0,0.001660679612147522,0.7773367302390248
reference-restore M+L + C recovery,33,down,0.9,50.0,logistic,none,L+M,reference,True,4.0,False,0.9901957945541893,0.0,0.0016801523229484385,0.7972185146262557
reference-restore M+L + C recovery,34,down,0.8666666666666667,50.0,logistic,none,L+M,reference,True,4.0,False,0.9881958385632413,0.0,0.0016986857190526806,0.8149318331245722
reference-restore M+L + C recovery,35,down,0.8333333333333334,50.0,logistic,none,L+M,reference,True,4.0,False,0.9857301470222635,0.0,0.0017163251934265262,0.8306185235000063
reference-restore M+L + C recovery,36,down,0.8,50.0,logistic,none,L+M,reference,True,4.0,False,0.9826741722509971,0.0,0.0017331139422972583,0.8443897696823188
reference-restore M+L + C recovery,37,down,0.7666666666666666,50.0,logistic,none,L+M,reference,True,4.0,False,0.9788618975538015,0.0,0.0017490930715788684,0.8563234082085721
reference-restore M+L + C recovery,38,down,0.7333333333333334,50.0,logistic,none,L+M,reference,True,4.0,False,0.9740670594611908,0.0,0.001764301698137192,0.8664590084436214
reference-restore M+L + C recovery,39,down,0.7,50.0,logistic,none,L+M,reference,True,4.0,False,0.9679723055204775,0.0,0.0017787770461449033,0.8747893798176198
reference-restore M+L + C recovery,40,down,0.6666666666666667,50.0,logistic,none,L+M,reference,True,4.0,False,0.960115355515917,0.0,0.0017925545387646033,0.8812459055280452
reference-restore M+L + C recovery,41,down,0.6333333333333333,50.0,logistic,none,L+M,reference,True,4.0,False,0.949787348604743,0.0,0.0018056678853867266,0.8856722525581069
reference-restore M+L + C recovery,42,down,0.6,50.0,logistic,none,L+M,reference,True,4.0,False,0.9358195477817242,0.0,0.0018181491646379294,0.8877736955144496
reference-restore M+L + C recovery,43,down,0.5666666666666667,50.0,logistic,none,L+M,reference,True,4.0,False,0.9160626274264448,0.0,0.0018300289033651837,0.8870070647741854
reference-restore M+L + C recovery,44,down,0.5333333333333333,50.0,logistic,none,L+M,reference,True,4.0,False,0.8857679429023674,0.0,0.0018413361517908334,0.8822886677380399
reference-restore M+L + C recovery,45,down,0.5,50.0,logistic,none,L+M,reference,True,4.0,False,0.829405672236883,0.0,0.0018520985550243532,0.8708321017318922
reference-restore M+L + C recovery,46,down,0.4666666666666667,50.0,logistic,none,L+M,reference,True,4.0,False,0.14421971158236888,0.0,0.001862342421107593,0.8012301634214238
reference-restore M+L + C recovery,47,down,0.43333333333333335,50.0,logistic,none,L+M,reference,True,4.0,False,0.08592967223248206,0.0,0.0018720927857616572,0.7017222531632191
reference-restore M+L + C recovery,48,down,0.4,50.0,logistic,none,L+M,reference,True,4.0,False,0.05717390141686311,0.0,0.0018813734739954423,0.6115518746302055
reference-restore M+L + C recovery,49,down,0.3666666666666667,50.0,logistic,none,L+M,reference,True,4.0,False,0.040062571736390995,0.0,0.0018902071587280473,0.5314285964293761
reference-restore M+L + C recovery,50,down,0.33333333333333337,50.0,logistic,none,L+M,reference,True,4.0,False,0.02899561180205962,0.0,0.0018986154165699313,0.460922020564188
reference-restore M+L + C recovery,51,down,0.30000000000000004,50.0,logistic,none,L+M,reference,True,4.0,False,0.021471063055455274,0.0,0.001906618780900619,0.3992327564780342
reference-restore M+L + C recovery,52,down,0.2666666666666667,50.0,logistic,none,L+M,reference,True,4.0,False,0.016176011831026346,0.0,0.0019142367923740801,0.34545798589097637
reference-restore M+L + C recovery,53,down,0.2333333333333334,50.0,logistic,none,L+M,reference,True,4.0,False,0.01235327026321547,0.0,0.001921488046976567,0.29870157639829664
reference-restore M+L + C recovery,54,down,0.19999999999999996,50.0,logistic,none,L+M,reference,True,4.0,False,0.009537728156124668,0.0,0.0019283902417555883,0.2581217456395529
reference-restore M+L + C recovery,55,down,0.16666666666666663,50.0,logistic,none,L+M,reference,True,4.0,False,0.0074303213039275725,0.0,0.001934960218333,0.22295025025394125
reference-restore M+L + C recovery,56,down,0.1333333333333333,50.0,logistic,none,L+M,reference,True,4.0,False,0.005831878594823139,0.0,0.0019412140043096357,0.19249774454478588
reference-restore M+L + C recovery,57,down,0.09999999999999998,50.0,logistic,none,L+M,reference,True,4.0,False,0.004605970853250092,0.0,0.0019471668526637694,0.16615228884177066
reference-restore M+L + C recovery,58,down,0.06666666666666665,50.0,logistic,none,L+M,reference,True,4.0,False,0.0036569487526660663,0.0,0.0019528332792406776,0.1433745516867381
reference-restore M+L + C recovery,59,down,0.033333333333333326,50.0,logistic,none,L+M,reference,True,4.0,False,0.0029164236839870337,0.0,0.0019582270984258455,0.12369157483719809
reference-restore M+L + C recovery,60,down,0.0,50.0,logistic,none,L+M,reference,True,4.0,False,0.0023346670356138503,0.0,0.0019633614570899512,0.10669010343205351
