gain,w_g,area,max_gap,alpha_at_max_gap,alpha_up_half,alpha_down_half,threshold_width
7.0,0.3,0.336255521725016,0.8087852276275314,0.43333333333333335,0.6333333333333333,0.2333333333333334,0.3999999999999999
7.0,0.32,0.3406044864662682,0.819799302470208,0.43333333333333335,0.6333333333333333,0.19999999999999996,0.43333333333333335
7.0,0.33999999999999997,0.34483390788961166,0.8293510926574912,0.4,0.6,0.19999999999999996,0.4
7.0,0.36,0.34892110840885937,0.8402528863625461,0.4,0.6,0.16666666666666663,0.43333333333333335
7.0,0.38,0.3530158889677412,0.8491953697662206,0.4,0.6,0.16666666666666663,0.43333333333333335
7.0,0.4,0.3570031342746786,0.8578484077130999,0.36666666666666664,0.5666666666666667,0.16666666666666663,0.4
7.0,0.42,0.3606112358433083,0.8666502478884313,0.36666666666666664,0.5666666666666667,0.1333333333333333,0.43333333333333335
7.0,0.44,0.36450373417347975,0.873879604870277,0.36666666666666664,0.5666666666666667,0.1333333333333333,0.43333333333333335
7.0,0.45999999999999996,0.36887994594146295,0.8815773279493869,0.3333333333333333,0.5666666666666667,0.09999999999999998,0.4666666666666667
7.0,0.48,0.37165024170555705,0.8886578502388613,0.3333333333333333,0.5333333333333333,0.09999999999999998,0.43333333333333335
7.0,0.5,0.37483374898083993,0.8944961462216457,0.3333333333333333,0.5333333333333333,0.09999999999999998,0.43333333333333335
7.0,0.52,0.3810659497799959,0.901254603812784,0.3,0.5333333333333333,0.06666666666666665,0.4666666666666667
7.0,0.54,0.38390737429650346,0.9069374452744333,0.3,0.5333333333333333,0.06666666666666665,0.4666666666666667
7.0,0.56,0.38706307597171663,0.9120548397998582,0.26666666666666666,0.5,0.033333333333333326,0.4666666666666667
7.0,0.5800000000000001,0.3911741232243431,0.9175471055485976,0.26666666666666666,0.5,0.033333333333333326,0.4666666666666667
7.0,0.6,0.39839479070621336,0.9221091110305559,0.26666666666666666,0.5,0.033333333333333326,0.4666666666666667
7.0,0.62,0.40891729612386357,0.9266062538464719,0.23333333333333334,0.5,0.0,0.5
7.375,0.3,0.3480051384407268,0.8358470090817791,0.43333333333333335,0.6333333333333333,0.19999999999999996,0.43333333333333335
7.375,0.32,0.3525341220427893,0.8460443249236289,0.43333333333333335,0.6333333333333333,0.19999999999999996,0.43333333333333335
7.375,0.33999999999999997,0.35701527792163423,0.8544325994565742,0.4,0.6,0.19999999999999996,0.4
7.375,0.36,0.3612462983713619,0.8643868675083313,0.4,0.6,0.16666666666666663,0.43333333333333335
7.375,0.38,0.36541588222680543,0.8725236546690792,0.4,0.6,0.16666666666666663,0.43333333333333335
7.375,0.4,0.36994474691524964,0.8800348087886258,0.36666666666666664,0.6,0.1333333333333333,0.4666666666666667
7.375,0.42,0.3738989805624843,0.8879383362069632,0.36666666666666664,0.5666666666666667,0.1333333333333333,0.43333333333333335
7.375,0.44,0.3770895730403161,0.8944175234506708,0.36666666666666664,0.5666666666666667,0.1333333333333333,0.43333333333333335
7.375,0.45999999999999996,0.38243332014010195,0.9010366674676599,0.3333333333333333,0.5666666666666667,0.09999999999999998,0.4666666666666667
7.375,0.48,0.3869388790259047,0.9072957870293057,0.3333333333333333,0.5666666666666667,0.09999999999999998,0.4666666666666667
7.375,0.5,0.38935024106304106,0.9124541072653092,0.3333333333333333,0.5333333333333333,0.09999999999999998,0.43333333333333335
7.375,0.52,0.39386600076681155,0.9182295609387996,0.3,0.5333333333333333,0.06666666666666665,0.4666666666666667
7.375,0.54,0.39839562242176846,0.9231897954604,0.3,0.5333333333333333,0.06666666666666665,0.4666666666666667
7.375,0.56,0.4108462305523074,0.927520269652555,0.26666666666666666,0.5333333333333333,0.033333333333333326,0.5
7.375,0.5800000000000001,0.4055762317690619,0.9322872662616823,0.26666666666666666,0.5,0.033333333333333326,0.4666666666666667
7.375,0.6,0.4176215402471021,0.936241466137712,0.26666666666666666,0.5,0.0,0.5
7.375,0.62,0.424354477998972,0.9400413501060334,0.23333333333333334,0.5,0.0,0.5
7.75,0.3,0.35917631754449314,0.8590025016569585,0.43333333333333335,0.6333333333333333,0.19999999999999996,0.43333333333333335
7.75,0.32,0.3638115200930804,0.8683645517427725,0.43333333333333335,0.6333333333333333,0.19999999999999996,0.43333333333333335
7.75,0.33999999999999997,0.3685648308121452,0.8759312463018247,0.43333333333333335,0.6333333333333333,0.19999999999999996,0.43333333333333335
7.75,0.36,0.37317271815120595,0.8847421459542952,0.4,0.6,0.16666666666666663,0.43333333333333335
7.75,0.38,0.3771269883186184,0.892094052531764,0.4,0.6,0.16666666666666663,0.43333333333333335
7.75,0.4,0.381854913814286,0.8986167697641466,0.36666666666666664,0.6,0.1333333333333333,0.4666666666666667
7.75,0.42,0.3870352153008887,0.9056720780140299,0.36666666666666664,0.6,0.1333333333333333,0.4666666666666667
7.75,0.44,0.39019896771827833,0.9114395613061154,0.36666666666666664,0.5666666666666667,0.1333333333333333,0.43333333333333335
7.75,0.45999999999999996,0.39431928513547215,0.9171483765235621,0.3333333333333333,0.5666666666666667,0.09999999999999998,0.4666666666666667
7.75,0.48,0.39930587068862367,0.9226649260405612,0.3333333333333333,0.5666666666666667,0.09999999999999998,0.4666666666666667
7.75,0.5,0.40820987597508446,0.9271848036329013,0.3333333333333333,0.5666666666666667,0.06666666666666665,0.5
7.75,0.52,0.4085756275096486,0.9321254418842306,0.3,0.5333333333333333,0.06666666666666665,0.4666666666666667
7.75,0.54,0.4094796949102081,0.9364614617375436,0.3,0.5333333333333333,0.06666666666666665,0.4666666666666667
7.75,0.56,0.425078055942137,0.940154175585912,0.26666666666666666,0.5333333333333333,0.033333333333333326,0.5
7.75,0.5800000000000001,0.42812744402536823,0.9442532606854328,0.26666666666666666,0.5333333333333333,0.033333333333333326,0.5
7.75,0.6,0.4440484668379119,0.9476531556124995,0.26666666666666666,0.5333333333333333,0.0,0.5333333333333333
7.75,0.62,0.434190208082811,0.9508958119874892,0.23333333333333334,0.5,0.0,0.5
8.125,0.3,0.3698623729639111,0.8787871625666104,0.43333333333333335,0.6333333333333333,0.19999999999999996,0.43333333333333335
8.125,0.32,0.37456433575906045,0.8873272837082761,0.43333333333333335,0.6333333333333333,0.19999999999999996,0.43333333333333335
8.125,0.33999999999999997,0.3793528003354211,0.8942083433948417,0.43333333333333335,0.6333333333333333,0.19999999999999996,0.43333333333333335
8.125,0.36,0.3846326092751107,0.9019114424205636,0.4,0.6333333333333333,0.16666666666666663,0.4666666666666667
8.125,0.38,0.3888895452949886,0.9085156190204917,0.4,0.6,0.16666666666666663,0.43333333333333335
8.125,0.4,0.3928255241278138,0.9141887051566816,0.36666666666666664,0.6,0.1333333333333333,0.4666666666666667
8.125,0.42,0.39834325533299597,0.9204689164195179,0.36666666666666664,0.6,0.1333333333333333,0.4666666666666667
8.125,0.44,0.4043779435015537,0.9255729246073877,0.36666666666666664,0.6,0.1333333333333333,0.4666666666666667
8.125,0.45999999999999996,0.4081432031662444,0.9304967458931965,0.3333333333333333,0.5666666666666667,0.09999999999999998,0.4666666666666667
8.125,0.48,0.40865454945477353,0.9353595706960732,0.3333333333333333,0.5666666666666667,0.09999999999999998,0.4666666666666667
8.125,0.5,0.42219121615891775,0.9393187654217254,0.3333333333333333,0.5666666666666667,0.06666666666666665,0.5
8.125,0.52,0.42758938411298986,0.9435401417247777,0.3,0.5666666666666667,0.06666666666666665,0.5
8.125,0.54,0.4339402695538686,0.9473027260963237,0.3,0.5333333333333333,0.06666666666666665,0.4666666666666667
8.125,0.56,0.4347184044777988,0.9504786650529342,0.26666666666666666,0.5333333333333333,0.033333333333333326,0.5
8.125,0.5800000000000001,0.4390095545253428,0.9540250685577636,0.26666666666666666,0.5333333333333333,0.033333333333333326,0.5
8.125,0.6,0.46088052428490844,0.9569388667638825,0.26666666666666666,0.5333333333333333,0.0,0.5333333333333333
8.125,0.62,0.4627711478119266,0.9596752335747225,0.23333333333333334,0.5333333333333333,0.0,0.5333333333333333
8.5,0.3,0.3800388518260213,0.8956868434741715,0.43333333333333335,0.6666666666666666,0.19999999999999996,0.4666666666666667
8.5,0.32,0.38506058776072605,0.9034376937164276,0.43333333333333335,0.6333333333333333,0.19999999999999996,0.43333333333333335
8.5,0.33999999999999997,0.3895168018833341,0.9096630778291586,0.43333333333333335,0.6333333333333333,0.19999999999999996,0.43333333333333335
8.5,0.36,0.39502754415361624,0.9164077910054893,0.4,0.6333333333333333,0.16666666666666663,0.4666666666666667
8.5,0.38,0.4006334339953407,0.922313644719193,0.4,0.6333333333333333,0.16666666666666663,0.4666666666666667
8.5,0.4,0.40483817024456265,0.9272473583689671,0.36666666666666664,0.6,0.1333333333333333,0.4666666666666667
8.5,0.42,0.4077282172841026,0.932831818183772,0.36666666666666664,0.6,0.1333333333333333,0.4666666666666667
8.5,0.44,0.4157438341433237,0.937343843983602,0.36666666666666664,0.6,0.1333333333333333,0.4666666666666667
8.5,0.45999999999999996,0.4245522242245492,0.9415874638014624,0.3333333333333333,0.6,0.09999999999999998,0.5
8.5,0.48,0.42211250860589106,0.945850580711051,0.3333333333333333,0.5666666666666667,0.09999999999999998,0.4666666666666667
8.5,0.5,0.43260318499864703,0.9493262335526589,0.3333333333333333,0.5666666666666667,0.06666666666666665,0.5
8.5,0.52,0.4369120245217504,0.9529648883585764,0.3,0.5666666666666667,0.06666666666666665,0.5
8.5,0.54,0.45682654590208643,0.956216075815025,0.3,0.5666666666666667,0.033333333333333326,0.5333333333333333
8.5,0.56,0.4599863318731258,0.9589159841756448,0.26666666666666666,0.5666666666666667,0.033333333333333326,0.5333333333333333
8.5,0.5800000000000001,0.46417828401742844,0.9619918394138232,0.26666666666666666,0.5333333333333333,0.0,0.5333333333333333
8.5,0.6,0.46911821526866665,0.9645081845590466,0.26666666666666666,0.5333333333333333,0.0,0.5333333333333333
8.5,0.62,0.4809506168257153,0.9668474948990444,0.23333333333333334,0.5333333333333333,,
8.875,0.3,0.38953816762834165,0.910129048960053,0.43333333333333335,0.6666666666666666,0.19999999999999996,0.4666666666666667
8.875,0.32,0.395263242142622,0.9171364864930139,0.43333333333333335,0.6666666666666666,0.19999999999999996,0.4666666666666667
8.875,0.33999999999999997,0.39984017725869037,0.9227426816613602,0.43333333333333335,0.6333333333333333,0.16666666666666663,0.4666666666666667
8.875,0.36,0.40432669568945373,0.9286606278667353,0.4,0.6333333333333333,0.16666666666666663,0.4666666666666667
8.875,0.38,0.4105818256449409,0.9339324043587514,0.4,0.6333333333333333,0.16666666666666663,0.4666666666666667
8.875,0.4,0.418490449380818,0.9382211866964563,0.36666666666666664,0.6333333333333333,0.1333333333333333,0.5
8.875,0.42,0.41849390850272733,0.9431686750257195,0.36666666666666664,0.6,0.1333333333333333,0.4666666666666667
8.875,0.44,0.42570294085717564,0.9471611041872434,0.36666666666666664,0.6,0.09999999999999998,0.5
8.875,0.45999999999999996,0.4345448734295549,0.9508431533210121,0.3333333333333333,0.6,0.09999999999999998,0.5
8.875,0.48,0.4395833409251344,0.9545600312202149,0.3333333333333333,0.6,0.09999999999999998,0.5
8.875,0.5,0.45148281925470124,0.9575830801097772,0.3333333333333333,0.5666666666666667,0.06666666666666665,0.5
8.875,0.52,0.44386177374044605,0.960739036160028,0.3,0.5666666666666667,0.06666666666666665,0.5
8.875,0.54,0.4666734390068145,0.9635662738655971,0.3,0.5666666666666667,0.033333333333333326,0.5333333333333333
8.875,0.56,0.4703471908910465,0.9658841482412878,0.26666666666666666,0.5666666666666667,0.033333333333333326,0.5333333333333333
8.875,0.5800000000000001,0.49486072818604554,0.9685145175084293,0.26666666666666666,0.5666666666666667,0.0,0.5666666666666667
8.875,0.6,0.49412915020194426,0.970668253922693,0.26666666666666666,0.5666666666666667,0.0,0.5666666666666667
8.875,0.62,0.48979061122547757,0.9726840562315402,0.23333333333333334,0.5333333333333333,,
9.25,0.3,0.3983691099489023,0.922480865265693,0.43333333333333335,0.6666666666666666,0.19999999999999996,0.4666666666666667
9.25,0.32,0.40454427710689134,0.9288014768329945,0.43333333333333335,0.6666666666666666,0.19999999999999996,0.4666666666666667
9.25,0.33999999999999997,0.41072308983704714,0.9338297436892529,0.43333333333333335,0.6666666666666666,0.16666666666666663,0.5
9.25,0.36,0.41390497384517433,0.9390261343824634,0.4,0.6333333333333333,0.16666666666666663,0.4666666666666667
9.25,0.38,0.4187069665613857,0.9437308143990097,0.4,0.6333333333333333,0.16666666666666663,0.4666666666666667
9.25,0.4,0.4290668142724082,0.947479894345349,0.4,0.6333333333333333,0.1333333333333333,0.5
9.25,0.42,0.4333474879583123,0.9518349141398244,0.36666666666666664,0.6333333333333333,0.1333333333333333,0.5
9.25,0.44,0.43854753186430007,0.9553528289982286,0.36666666666666664,0.6,0.09999999999999998,0.5
9.25,0.45999999999999996,0.44163983463106876,0.9585671621288888,0.3333333333333333,0.6,0.09999999999999998,0.5
9.25,0.48,0.4533719964955113,0.9618232505716977,0.3333333333333333,0.6,0.09999999999999998,0.5
9.25,0.5,0.4669519500964913,0.9644444305884787,0.3333333333333333,0.6,0.06666666666666665,0.5333333333333333
9.25,0.52,0.4679213442364684,0.9671531570706192,0.3,0.6,0.06666666666666665,0.5333333333333333
9.25,0.54,0.47478603843668216,0.9696169031629339,0.3,0.5666666666666667,0.033333333333333326,0.5333333333333333
9.25,0.56,0.4764228476192436,0.9716258140829951,0.26666666666666666,0.5666666666666667,0.033333333333333326,0.5333333333333333
9.25,0.5800000000000001,0.5031380986199278,0.9738962067220213,0.26666666666666666,0.5666666666666667,0.0,0.5666666666666667
9.25,0.6,0.5058055093175303,0.9757367493049535,0.26666666666666666,0.5666666666666667,0.0,0.5666666666666667
9.25,0.62,0.519968539793871,0.9774458283963553,0.23333333333333334,0.5666666666666667,,
9.625,0.3,0.4070394284736042,0.9330538023843638,0.43333333333333335,0.6666666666666666,0.19999999999999996,0.4666666666666667
9.625,0.32,0.4126121325690598,0.9387482699896436,0.43333333333333335,0.6666666666666666,0.19999999999999996,0.4666666666666667
9.625,0.33999999999999997,0.4205379445768783,0.9432498732007903,0.43333333333333335,0.6666666666666666,0.16666666666666663,0.5
9.625,0.36,0.42576349111541373,0.9478091889538859,0.4,0.6666666666666666,0.16666666666666663,0.5
9.625,0.38,0.4269313182955697,0.9520002614705273,0.4,0.6333333333333333,0.16666666666666663,0.4666666666666667
9.625,0.4,0.4369599230582302,0.9553282148354891,0.4,0.6333333333333333,0.1333333333333333,0.5
9.625,0.42,0.4421923416569366,0.9591363578010585,0.36666666666666664,0.6333333333333333,0.1333333333333333,0.5
9.625,0.44,0.45865145808783836,0.96221207508592,0.36666666666666664,0.6333333333333333,0.09999999999999998,0.5333333333333333
9.625,0.45999999999999996,0.45235561410515257,0.9650078047647458,0.3333333333333333,0.6,0.09999999999999998,0.5
9.625,0.48,0.4670366721689737,0.9678730176929252,0.3333333333333333,0.6,0.06666666666666665,0.5333333333333333
9.625,0.5,0.47379112763524506,0.970159406463843,0.3333333333333333,0.6,0.06666666666666665,0.5333333333333333
9.625,0.52,0.49290893071509095,0.9725038192083636,0.3,0.6,0.033333333333333326,0.5666666666666667
9.625,0.54,0.5017665803723895,0.9746169828310751,0.3,0.6,0.033333333333333326,0.5666666666666667
9.625,0.56,0.5103114233453785,0.9763429037426826,0.26666666666666666,0.5666666666666667,0.0,0.5666666666666667
9.625,0.5800000000000001,0.5089389676157383,0.9783171201980281,0.26666666666666666,0.5666666666666667,0.0,0.5666666666666667
9.625,0.6,0.5212842441011998,0.9799020853909004,0.26666666666666666,0.5666666666666667,,
9.625,0.62,0.5262743915663491,0.9813724532048973,0.23333333333333334,0.5666666666666667,,
10.0,0.3,0.41637854650195844,0.942114349570942,0.43333333333333335,0.6666666666666666,0.19999999999999996,0.4666666666666667
10.0,0.32,0.42005703764031554,0.9472381725784836,0.43333333333333335,0.6666666666666666,0.19999999999999996,0.4666666666666667
10.0,0.33999999999999997,0.42859954995006583,0.9512682731413225,0.43333333333333335,0.6666666666666666,0.16666666666666663,0.5
10.0,0.36,0.43593195516774896,0.955277931113925,0.4,0.6666666666666666,0.16666666666666663,0.5
10.0,0.38,0.4408763746898898,0.9589889319866295,0.4,0.6333333333333333,0.16666666666666663,0.4666666666666667
10.0,0.4,0.44407119765869124,0.9619416380731602,0.4,0.6333333333333333,0.1333333333333333,0.5
10.0,0.42,0.4480493969202909,0.9652890893694563,0.36666666666666664,0.6333333333333333,0.1333333333333333,0.5
10.0,0.44,0.46823018351441,0.9679895961728652,0.36666666666666664,0.6333333333333333,0.09999999999999998,0.5333333333333333
10.0,0.45999999999999996,0.4716148449104746,0.970408771241807,0.3333333333333333,0.6333333333333333,0.09999999999999998,0.5333333333333333
10.0,0.48,0.48531386674797455,0.9729076972193267,0.3333333333333333,0.6,0.06666666666666665,0.5333333333333333
10.0,0.5,0.47898746263457903,0.9749119243803732,0.3333333333333333,0.6,0.06666666666666665,0.5333333333333333
10.0,0.52,0.5040143682032082,0.9769559990706629,0.3,0.6,0.033333333333333326,0.5666666666666667
10.0,0.54,0.5084709170752604,0.9787848396258007,0.3,0.6,0.033333333333333326,0.5666666666666667
10.0,0.56,0.5349246599800201,0.9802665565293579,0.26666666666666666,0.6,0.0,0.6
10.0,0.5800000000000001,0.5377546007184916,0.9819517326649378,0.26666666666666666,0.6,0.0,0.6
10.0,0.6,0.5352685331563433,0.9833148400757387,0.26666666666666666,0.5666666666666667,,
10.0,0.62,0.5306108363971488,0.9845890758730678,0.23333333333333334,0.5666666666666667,,
10.375,0.3,0.42589680737839136,0.9498944174219944,0.43333333333333335,0.7,0.19999999999999996,0.5
10.375,0.32,0.4286409943412278,0.9544915044088373,0.43333333333333335,0.6666666666666666,0.19999999999999996,0.4666666666666667
10.375,0.33999999999999997,0.4357055371477286,0.9580996604310482,0.43333333333333335,0.6666666666666666,0.16666666666666663,0.5
10.375,0.36,0.44285382944807483,0.9616417339009102,0.4,0.6666666666666666,0.16666666666666663,0.5
10.375,0.38,0.4540624115489229,0.9649244347803425,0.4,0.6666666666666666,0.16666666666666663,0.5
10.375,0.4,0.4590648128250911,0.9675204654525619,0.4,0.6333333333333333,0.1333333333333333,0.5
10.375,0.42,0.45366595153849615,0.9704700748110037,0.36666666666666664,0.6333333333333333,0.1333333333333333,0.5
10.375,0.44,0.4743962190193542,0.9728507367938544,0.36666666666666664,0.6333333333333333,0.09999999999999998,0.5333333333333333
10.375,0.45999999999999996,0.4780660028453232,0.9749659726767702,0.3333333333333333,0.6333333333333333,0.09999999999999998,0.5333333333333333
10.375,0.48,0.5026797171231137,0.9771359500983018,0.3333333333333333,0.6333333333333333,0.06666666666666665,0.5666666666666667
10.375,0.5,0.5024858601198,0.9788645958074687,0.3333333333333333,0.6333333333333333,0.06666666666666665,0.5666666666666667
10.375,0.52,0.5102910485959028,0.9806509007029054,0.3,0.6,0.033333333333333326,0.5666666666666667
10.375,0.54,0.5129527237539429,0.9822433928617368,0.3,0.6,0.033333333333333326,0.5666666666666667
10.375,0.56,0.5412309733742459,0.98352961494474,0.26666666666666666,0.6,0.0,0.6
10.375,0.5800000000000001,0.5441254912645497,0.98497970804586,0.26666666666666666,0.6,0.0,0.6
10.375,0.6,0.559276582114379,0.9861378142900061,0.26666666666666666,0.6,,
10.375,0.62,0.5598893322220038,0.9872227036382701,0.23333333333333334,0.6,,
10.75,0.3,0.4339034444263726,0.9565902673151695,0.43333333333333335,0.7,0.19999999999999996,0.5
10.75,0.32,0.4392801521270295,0.9607018563927956,0.43333333333333335,0.7,0.19999999999999996,0.5
10.75,0.33999999999999997,0.4436508228621751,0.9639236427735711,0.43333333333333335,0.6666666666666666,0.16666666666666663,0.5
10.75,0.36,0.44811628297431205,0.9670636121550914,0.4,0.6666666666666666,0.16666666666666663,0.5
10.75,0.38,0.4633664065770026,0.9699767094794117,0.4,0.6666666666666666,0.1333333333333333,0.5333333333333333
10.75,0.4,0.47163539918267944,0.9722562736491324,0.4,0.6666666666666666,0.1333333333333333,0.5333333333333333
10.75,0.42,0.47379319542089604,0.9748339044318683,0.36666666666666664,0.6333333333333333,0.1333333333333333,0.5
10.75,0.44,0.47957938465818517,0.9769373856818603,0.36666666666666664,0.6333333333333333,0.09999999999999998,0.5333333333333333
10.75,0.45999999999999996,0.48262754525198925,0.9787973082582374,0.3333333333333333,0.6333333333333333,0.09999999999999998,0.5333333333333333
10.75,0.48,0.5086718336060231,0.9806947127809421,0.3333333333333333,0.6333333333333333,0.06666666666666665,0.5666666666666667
10.75,0.5,0.5114043852683919,0.9821908627607141,0.3333333333333333,0.6333333333333333,0.06666666666666665,0.5666666666666667
10.75,0.52,0.5381611754178443,0.9837284090970911,0.3,0.6333333333333333,0.033333333333333326,0.6
10.75,0.54,0.5263971937235576,0.9851069209810236,0.3,0.6,0.033333333333333326,0.5666666666666667
10.75,0.56,0.5456957305004682,0.9862303527598477,0.26666666666666666,0.6,0.0,0.6
10.75,0.5800000000000001,0.5481042339081844,0.9874855606127819,0.26666666666666666,0.6,0.0,0.6
10.75,0.6,0.563764194251805,0.9884785300918805,0.26666666666666666,0.6,,
10.75,0.62,0.5651916789363233,0.9894132778825221,0.23333333333333334,0.6,,
11.125,0.3,0.4402532691898695,0.9623592920262848,0.43333333333333335,0.7,0.19999999999999996,0.5
11.125,0.32,0.447677251053709,0.9660377265182243,0.43333333333333335,0.7,0.19999999999999996,0.5
11.125,0.33999999999999997,0.4569622387584055,0.9688975415434382,0.43333333333333335,0.6666666666666666,0.16666666666666663,0.5
11.125,0.36,0.4532588288682506,0.9716815351717383,0.4,0.6666666666666666,0.16666666666666663,0.5
11.125,0.38,0.47062714745820244,0.9742739879269554,0.4,0.6666666666666666,0.1333333333333333,0.5333333333333333
11.125,0.4,0.4774940102702437,0.9762845233074292,0.4,0.6666666666666666,0.1333333333333333,0.5333333333333333
11.125,0.42,0.4955656995476193,0.9785448353743521,0.36666666666666664,0.6666666666666666,0.09999999999999998,0.5666666666666667
11.125,0.44,0.5006423732753056,0.9803753794582378,0.36666666666666664,0.6666666666666666,0.09999999999999998,0.5666666666666667
11.125,0.45999999999999996,0.49727051606885503,0.9820121631686315,0.3333333333333333,0.6333333333333333,0.09999999999999998,0.5333333333333333
11.125,0.48,0.512921960079165,0.983679631101523,0.3333333333333333,0.6333333333333333,0.06666666666666665,0.5666666666666667
11.125,0.5,0.5239301432365335,0.9849816400840746,0.3333333333333333,0.6333333333333333,0.06666666666666665,0.5666666666666667
11.125,0.52,0.5441337079022746,0.9863220129425628,0.3,0.6333333333333333,0.033333333333333326,0.6
11.125,0.54,0.5646147003083634,0.9875045681831297,0.3,0.6333333333333333,0.0,0.6333333333333333
11.125,0.56,0.5739130746799097,0.9884644890140705,0.26666666666666666,0.6333333333333333,0.0,0.6333333333333333
11.125,0.5800000000000001,0.565809934172799,0.989552664890743,0.26666666666666666,0.6,,
11.125,0.6,0.5670349424355934,0.9904102904177404,0.26666666666666666,0.6,,
11.125,0.62,0.5683250492809226,0.9912198212339856,0.23333333333333334,0.6,,
11.5,0.3,0.4456134624160811,0.9673307149603172,0.43333333333333335,0.7,0.19999999999999996,0.5
11.5,0.32,0.453541222303636,0.9706279393477738,0.43333333333333335,0.7,0.19999999999999996,0.5
11.5,0.33999999999999997,0.4676684121383812,0.9731662198894808,0.43333333333333335,0.7,0.16666666666666663,0.5333333333333333
11.5,0.36,0.4660834770697108,0.9756175920669133,0.4,0.6666666666666666,0.16666666666666663,0.5
11.5,0.38,0.4766390165527878,0.9779272394715244,0.4,0.6666666666666666,0.1333333333333333,0.5333333333333333
11.5,0.4,0.4815938277800948,0.9797064115108023,0.4,0.6666666666666666,0.1333333333333333,0.5333333333333333
11.5,0.42,0.5048708802343064,0.981701603342125,0.36666666666666664,0.6666666666666666,0.09999999999999998,0.5666666666666667
11.5,0.44,0.5102032442262484,0.9833000028958077,0.36666666666666664,0.6666666666666666,0.09999999999999998,0.5666666666666667
11.5,0.45999999999999996,0.5327170543557729,0.9847157909250767,0.3333333333333333,0.6666666666666666,0.06666666666666665,0.6
11.5,0.48,0.5180506448525942,0.9861787216287297,0.3333333333333333,0.6333333333333333,0.06666666666666665,0.5666666666666667
11.5,0.5,0.5431789321687246,0.9873182126059719,0.3333333333333333,0.6333333333333333,0.033333333333333326,0.6
11.5,0.52,0.5478892457123732,0.9884920608930707,0.3,0.6333333333333333,0.033333333333333326,0.6
11.5,0.54,0.5763868870787578,0.989514795848311,0.3,0.6333333333333333,0.0,0.6333333333333333
11.5,0.56,0.579969665281365,0.9903459216032175,0.26666666666666666,0.6333333333333333,0.0,0.6333333333333333
11.5,0.5800000000000001,0.5952005711477742,0.9912731706038769,0.26666666666666666,0.6333333333333333,,
11.5,0.6,0.5951411443353973,0.9920023125914496,0.26666666666666666,0.6333333333333333,,
11.5,0.62,0.571531061040165,0.9927037660675836,0.23333333333333334,0.6,,
11.875,0.3,0.45098874026707414,0.9716150310784544,0.43333333333333335,0.7,0.19999999999999996,0.5
11.875,0.32,0.4583788033962814,0.9745758122955483,0.43333333333333335,0.7,0.19999999999999996,0.5
11.875,0.33999999999999997,0.47392685512222466,0.9768353716595776,0.43333333333333335,0.7,0.16666666666666663,0.5333333333333333
11.875,0.36,0.47782990025872835,0.9789973777476272,0.4,0.7,0.16666666666666663,0.5333333333333333
11.875,0.38,0.4907537806672845,0.9810337182785714,0.4,0.6666666666666666,0.1333333333333333,0.5333333333333333
11.875,0.4,0.48513419511094225,0.9826117740117681,0.4,0.6666666666666666,0.1333333333333333,0.5333333333333333
11.875,0.42,0.5101181578911491,0.9843791750318607,0.36666666666666664,0.6666666666666666,0.09999999999999998,0.5666666666666667
11.875,0.44,0.5144083086765252,0.9857818576557194,0.36666666666666664,0.6666666666666666,0.09999999999999998,0.5666666666666667
11.875,0.45999999999999996,0.5412237627977473,0.9870216747313856,0.3333333333333333,0.6666666666666666,0.06666666666666665,0.6
11.875,0.48,0.5440434584575833,0.988284839459399,0.3333333333333333,0.6666666666666666,0.06666666666666665,0.6
11.875,0.5,0.5605447788432227,0.9892714647617071,0.3333333333333333,0.6333333333333333,0.033333333333333326,0.6
11.875,0.52,0.5509156041113111,0.9903029880886506,0.3,0.6333333333333333,0.033333333333333326,0.6
11.875,0.54,0.5804686881803317,0.9911921926689845,0.3,0.6333333333333333,0.0,0.6333333333333333
11.875,0.56,0.5832768410355108,0.9919157229726153,0.26666666666666666,0.6333333333333333,0.0,0.6333333333333333
11.875,0.5800000000000001,0.599211663236323,0.9927137777562103,0.26666666666666666,0.6333333333333333,,
11.875,0.6,0.6006758342193493,0.9933355934448407,0.26666666666666666,0.6333333333333333,,
11.875,0.62,0.6012018654276623,0.9939336095205561,0.23333333333333334,0.6333333333333333,,
12.25,0.3,0.459648897637284,0.9753097067182941,0.43333333333333335,0.7,0.19999999999999996,0.5
12.25,0.32,0.4633896968943783,0.9779704046639787,0.43333333333333335,0.7,0.19999999999999996,0.5
12.25,0.33999999999999997,0.4784179309589891,0.9799867166939316,0.43333333333333335,0.7,0.16666666666666663,0.5333333333333333
12.25,0.36,0.48296050487938436,0.9819058040189529,0.4,0.7,0.16666666666666663,0.5333333333333333
12.25,0.38,0.5055729608928715,0.9836971942712742,0.4,0.7,0.1333333333333333,0.5666666666666667
12.25,0.4,0.4990173855360321,0.9850788867522269,0.4,0.6666666666666666,0.1333333333333333,0.5333333333333333
12.25,0.42,0.5141547609266889,0.9866470756718233,0.36666666666666664,0.6666666666666666,0.09999999999999998,0.5666666666666667
12.25,0.44,0.5174787428013411,0.9878830497379069,0.36666666666666664,0.6666666666666666,0.09999999999999998,0.5666666666666667
12.25,0.45999999999999996,0.5456247392678636,0.9889745266018077,0.3333333333333333,0.6666666666666666,0.06666666666666665,0.6
12.25,0.48,0.5486398718680918,0.9900755334926038,0.3333333333333333,0.6666666666666666,0.06666666666666665,0.6
12.25,0.5,0.5774556372235037,0.9909247096842497,0.3333333333333333,0.6666666666666666,0.033333333333333326,0.6333333333333333
12.25,0.52,0.577916854204641,0.9918144910628275,0.3,0.6666666666666666,0.033333333333333326,0.6333333333333333
12.25,0.54,0.5844288266466877,0.9925884651680966,0.3,0.6333333333333333,0.0,0.6333333333333333
12.25,0.56,0.5858353484061323,0.9932211279585713,0.26666666666666666,0.6333333333333333,0.0,0.6333333333333333
12.25,0.5800000000000001,0.6019664405185198,0.993911185868811,0.26666666666666666,0.6333333333333333,,
12.25,0.6,0.6033500140559077,0.9944437143226944,0.26666666666666666,0.6333333333333333,,
12.25,0.62,0.6041469893344008,0.9949604046171294,0.23333333333333334,0.6333333333333333,,
12.625,0.3,0.47114239731410573,0.978508675658145,0.43333333333333335,0.7333333333333333,0.19999999999999996,0.5333333333333333
12.625,0.32,0.4712382275284645,0.9808895245500514,0.43333333333333335,0.7,0.19999999999999996,0.5
12.625,0.33999999999999997,0.48211476461710473,0.9826922678668539,0.43333333333333335,0.7,0.16666666666666663,0.5333333333333333
12.625,0.36,0.48668265633598057,0.9844017819750132,0.4,0.7,0.16666666666666663,0.5333333333333333
12.625,0.38,0.5109567034786219,0.9859863327656678,0.4,0.7,0.1333333333333333,0.5666666666666667
12.625,0.4,0.5134392525541418,0.9871931590229439,0.4,0.7,0.1333333333333333,0.5666666666666667
12.625,0.42,0.5324942735755009,0.9885670804850051,0.36666666666666664,0.7,0.09999999999999998,0.6
12.625,0.44,0.5201895722697398,0.989659778060013,0.36666666666666664,0.6666666666666666,0.09999999999999998,0.5666666666666667
12.625,0.45999999999999996,0.5488604526351457,0.9906239280743674,0.3333333333333333,0.6666666666666666,0.06666666666666665,0.6
12.625,0.48,0.5515289603355004,0.9915871725242305,0.3333333333333333,0.6666666666666666,0.06666666666666665,0.6
12.625,0.5,0.581393987744818,0.9923232707425106,0.3333333333333333,0.6666666666666666,0.033333333333333326,0.6333333333333333
12.625,0.52,0.5834809170997998,0.99309930195854,0.3,0.6666666666666666,0.033333333333333326,0.6333333333333333
12.625,0.54,0.6134157731534838,0.9937598318415087,0.3,0.6666666666666666,0.0,0.6666666666666666
12.625,0.56,0.6218542653284154,0.9943030115993965,0.26666666666666666,0.6666666666666666,,
12.625,0.5800000000000001,0.6042812492676117,0.994903531763514,0.26666666666666666,0.6333333333333333,,
12.625,0.6,0.6053768247732506,0.9953624555709576,0.26666666666666666,0.6333333333333333,,
12.625,0.62,0.6061404183580247,0.9958101357746861,0.23333333333333334,0.6333333333333333,,
13.0,0.3,0.477839911623222,0.9812909320165824,0.43333333333333335,0.7333333333333333,0.19999999999999996,0.5333333333333333
13.0,0.32,0.48878642375178005,0.9834065905361011,0.43333333333333335,0.7333333333333333,0.16666666666666663,0.5666666666666667
13.0,0.33999999999999997,0.4861643753366383,0.9850148610399618,0.43333333333333335,0.7,0.16666666666666663,0.5333333333333333
13.0,0.36,0.49192384216841933,0.9865409870599424,0.4,0.7,0.16666666666666663,0.5333333333333333
13.0,0.38,0.5145169450243846,0.987946923046487,0.4,0.7,0.1333333333333333,0.5666666666666667
13.0,0.4,0.5177296084497943,0.9890074946524764,0.4,0.7,0.1333333333333333,0.5666666666666667
13.0,0.42,0.5448322255111337,0.9902157163259399,0.36666666666666664,0.7,0.09999999999999998,0.6
13.0,0.44,0.5431465032992245,0.9911630407153341,0.36666666666666664,0.7,0.09999999999999998,0.6
13.0,0.45999999999999996,0.5518204687544799,0.9920138980193011,0.3333333333333333,0.6666666666666666,0.06666666666666665,0.6
13.0,0.48,0.5545850541454688,0.992860857343344,0.3333333333333333,0.6666666666666666,0.06666666666666665,0.6
13.0,0.5,0.5841718380279457,0.9935013505214687,0.3333333333333333,0.6666666666666666,0.033333333333333326,0.6333333333333333
13.0,0.52,0.6114052139456619,0.9941808632392112,0.3,0.6666666666666666,0.0,0.6666666666666666
13.0,0.54,0.6170866713723515,0.9947504588146603,0.3,0.6666666666666666,0.0,0.6666666666666666
13.0,0.56,0.6326925160332322,0.995219628217985,0.26666666666666666,0.6666666666666666,,
13.0,0.5800000000000001,0.6339524252033486,0.9957298581682453,0.26666666666666666,0.6666666666666666,,
13.0,0.6,0.6267956872833031,0.9961218422841002,0.26666666666666666,0.6666666666666666,,
13.0,0.62,0.6077667676095356,0.9965109551675299,0.23333333333333334,0.6333333333333333,,
