key,doi,stream,role,title,year,authors,container,volume,issue,first_page,last_page,type,openalex_id,cited_by_count,landing_page
bakcoleman2025actionable,10.48550/arxiv.2505.09254,review,closest-conceptual-causal-predecessor,Moving towards informative and actionable social media research,2025,Joseph B. Bak-Coleman; Stephan Lewandowsky; Philipp Lorenz-Spreen; Arvind Narayanan; Amy Orben; Lisa Oswald,arXiv preprint arXiv:2505.09254v3,,,,,preprint,W4414939000,3,https://doi.org/10.48550/arXiv.2505.09254
bakcoleman2025rct,10.1038/s44159-025-00475-5,causal-design,rct-identification-critique,Randomized controlled trials cannot identify social media’s causal effects,2025,Joseph B. Bak-Coleman,Nature Reviews Psychology,4,,615,615,article,W4412689064,1,https://doi.org/10.1038/s44159-025-00475-5
sznajdweron2024toward,10.1177/17456916231195361,social-hysteresis,definitional-review,Toward Understanding of the Social Hysteresis: Insights From Agent-Based Modeling,2024,Katarzyna Sznajd-Weron; Arkadiusz Jędrzejewski; Barbara Kamińska,Perspectives on Psychological Science,19,2,511,521,article,W4387439435,16,https://doi.org/10.1177/17456916231195361
oestereich2020hysteresis,10.1016/j.chaos.2020.109893,social-hysteresis,direct-precedent,Hysteresis and disorder-induced order in continuous kinetic-like opinion dynamics in complex networks,2020,André L. Oestereich; Marcelo A. Pires; Sı́lvio M. Duarte Queirós; Nuno Crokidakis,Chaos Solitons & Fractals,137,,109893,109893,article,W3007802722,17,https://doi.org/10.1016/j.chaos.2020.109893
nowak2020threshold,10.1103/physreve.101.052316,social-hysteresis,direct-precedent,Symmetrical threshold model with independence on random graphs,2020,B. Nowak; Katarzyna Sznajd-Weron,Physical review. E,101,5,052316,052316,article,W3008229780,11,https://doi.org/10.1103/physreve.101.052316
macy2021polarization,10.1073/pnas.2102144118,social-hysteresis,direct-precedent,Polarization and tipping points,2021,Michael W. Macy; Manqing Ma; Daniel R. Tabin; Jianxi Gao; Bolesław K. Szymański,Proceedings of the National Academy of Sciences,118,50,e2102144118,e2102144118,article,W4200358390,98,https://doi.org/10.1073/pnas.2102144118
su2017contagion,10.1038/s41598-017-06286-w,social-hysteresis,network-hysteresis,Emergence of hysteresis loop in social contagions on complex networks,2017,Zhen Su; Wei Wang; Lixiang Li; Jinghua Xiao; H. Eugene Stanley,Scientific Reports,7,1,6103,6103,article,W2735117501,13,https://doi.org/10.1038/s41598-017-06286-w
chen2019vaccine,10.1098/rspb.2018.2406,social-hysteresis,application,Imperfect vaccine and hysteresis,2019,Xingru Chen; Feng Fu,Proceedings of the Royal Society B Biological Sciences,286,1894,20182406,20182406,article,W2910856507,113,https://doi.org/10.1098/rspb.2018.2406
graham2020sociology,10.1177/0001699320961814,social-hysteresis,sociological-framing,Hysteresis and the sociological perspective in a time of crisis,2020,Hannah Graham,Acta Sociologica,63,4,450,452,article,W3092607080,57,https://doi.org/10.1177/0001699320961814
maia2021adaptive,10.1016/j.physa.2020.125588,social-hysteresis,direct-precedent,Adaptive network approach for emergence of societal bubbles,2021,Hugo P. Maia; Silvio C. Ferreira; Marcelo L. Martins,Physica A Statistical Mechanics and its Applications,572,,125588,125588,article,W3092769189,1,https://doi.org/10.1016/j.physa.2020.125588
asikainen2020cumulative,10.1126/sciadv.aax7310,adaptive-networks,topological-hysteresis,Cumulative effects of triadic closure and homophily in social networks,2020,Aili Asikainen; Gerardo Iñiguez; Javier Ureña-Carrión; Kimmo Kaski; Mikko Kivelä,Science Advances,6,19,eaax7310,eaax7310,article,W2890102673,117,https://doi.org/10.1126/sciadv.aax7310
zeng2015mutual,10.1088/1742-5468/2015/07/p07020,recommender-feedback,closest-direct-precedent,Modeling mutual feedback between users and recommender systems,2015,An Zeng; Chi Ho Yeung; Matúš Medo; Yi-Cheng Zhang,Journal of Statistical Mechanics Theory and Experiment,2015,7,P07020,P07020,article,W1945860290,14,https://doi.org/10.1088/1742-5468/2015/07/p07020
chan2026brake,10.1002/sres.70126,recommender-feedback,closest-conceptual-precedent,Where the Brake Slips: A Feedback View of the Micro‐Drama Platform,2026,Johnny Chan,Systems Research and Behavioral Science,,,1,7,article,W7172283483,0,https://doi.org/10.1002/sres.70126
davidson2026closedloop,10.1109/tcss.2026.3715162,algorithmic-opinion,recommender-opinion-closed-loop,Modelling the Closed-Loop Dynamics Between a Social Media Recommender System and Users' Opinions,2026,Ella C. Davidson; Mengbin Ye,IEEE Transactions on Computational Social Systems,,,1,13,article,W7171988900,0,https://doi.org/10.1109/tcss.2026.3715162
depasquale2026control,10.48550/arxiv.2605.01503,recommender-feedback,control-systems-perspective,Recommender Systems as Control Systems,2026,Giulia De Pasquale; Sarah Dean; Paolo Frasca,arXiv preprint arXiv:2605.01503,,,,,preprint,W7160281320,0,https://doi.org/10.48550/arxiv.2605.01503
mariano2026optimal,10.48550/arxiv.2603.10275,algorithmic-opinion,optimal-network-control,Optimal Control Synthesis of Closed-Loop Recommendation Systems over Social Networks,2026,Simone Mariano; Paolo Frasca,arXiv preprint arXiv:2603.10275,,,,,preprint,W7135064925,0,https://doi.org/10.48550/arxiv.2603.10275
mariano2026pathological,10.48550/arxiv.2607.05010,algorithmic-opinion,pathological-control-regimes,Pathological Regimes of Closed-Loop Recommendation Systems over Social Networks,2026,Simone Mariano; Paolo Frasca,arXiv preprint arXiv:2607.05010,,,,,preprint,W7167598025,0,https://doi.org/10.48550/arxiv.2607.05010
gauthier2026x,10.1038/s41586-026-10098-2,platform-evidence,central-empirical-motivation,The political effects of X’s feed algorithm,2026,Germain Gauthier; Roland Hodler; Philine Widmer; Ekaterina Zhuravskaya,Nature,652,8109,416,423,article,W7130386561,12,https://doi.org/10.1038/s41586-026-10098-2
guess2023feeds,10.1126/science.abp9364,platform-evidence,field-experiment,How do social media feed algorithms affect attitudes and behavior in an election campaign?,2023,Andrew M. Guess; Neil Malhotra; Jennifer Pan; Pablo Barberá; Hunt Allcott; Taylor Brown; Adriana Crespo-Tenorio; Drew Dimmery; Deen Freelon; Matthew Gentzkow; Sandra González‐Bailón; Edward H. Kennedy; Young Mie Kim; David Lazer; Devra Moehler; Brendan Nyhan; Carlos Velasco Rivera; Jaime E. Settle; Daniel Robert Thomas; Emily Thorson; Rebekah Tromble; Arjun Wilkins; Magdalena Wojcieszak; B.S. Xiong; Chad Kiewiet de Jonge; Annie Franco; Winter Mason; Natalie Jomini Stroud; Joshua A. Tucker,Science,381,6656,398,404,article,W4385298751,334,https://doi.org/10.1126/science.abp9364
nyhan2023likeminded,10.1038/s41586-023-06297-w,platform-evidence,field-experiment,Like-minded sources on Facebook are prevalent but not polarizing,2023,Brendan Nyhan; Jaime E. Settle; Emily Thorson; Magdalena Wojcieszak; Pablo Barberá; Annie Y. Chen; Hunt Allcott; Taylor Brown; Adriana Crespo-Tenorio; Drew Dimmery; Deen Freelon; Matthew Gentzkow; Sandra González‐Bailón; Andrew M. Guess; Edward H. Kennedy; Young Mie Kim; David Lazer; Neil Malhotra; Devra Moehler; Jennifer Pan; Daniel Robert Thomas; Rebekah Tromble; Carlos Velasco Rivera; Arjun Wilkins; B.S. Xiong; Chad Kiewiet de Jonge; Annie Franco; Winter Mason; Natalie Jomini Stroud; Joshua A. Tucker,Nature,620,7972,137,144,article,W4385325063,330,https://doi.org/10.1038/s41586-023-06297-w
gonzalez2023segregation,10.1126/science.ade7138,platform-evidence,observational-evidence,Asymmetric ideological segregation in exposure to political news on Facebook,2023,Sandra González‐Bailón; David Lazer; Pablo Barberá; Meiqing Zhang; Hunt Allcott; Taylor Brown; Adriana Crespo-Tenorio; Deen Freelon; Matthew Gentzkow; Andrew M. Guess; Shanto Iyengar; Young Mie Kim; Neil Malhotra; Devra Moehler; Brendan Nyhan; Jennifer Pan; Carlos Velasco Rivera; Jaime E. Settle; Emily Thorson; Rebekah Tromble; Arjun Wilkins; Magdalena Wojcieszak; Chad Kiewiet de Jonge; Annie Franco; Winter Mason; Natalie Jomini Stroud; Joshua A. Tucker,Science,381,6656,392,398,article,W4385298725,312,https://doi.org/10.1126/science.ade7138
guess2023reshares,10.1126/science.add8424,platform-evidence,field-experiment,Reshares on social media amplify political news but do not detectably affect beliefs or opinions,2023,Andrew M. Guess; Neil Malhotra; Jennifer Pan; Pablo Barberá; Hunt Allcott; Taylor Brown; Adriana Crespo-Tenorio; Drew Dimmery; Deen Freelon; Matthew Gentzkow; Sandra González‐Bailón; Edward H. Kennedy; Young Mie Kim; David Lazer; Devra Moehler; Brendan Nyhan; Carlos Velasco Rivera; Jaime E. Settle; Daniel Robert Thomas; Emily Thorson; Rebekah Tromble; Arjun Wilkins; Magdalena Wojcieszak; Beixian Xiong; Chad Kiewiet de Jonge; Annie Franco; Winter Mason; Natalie Jomini Stroud; Joshua A. Tucker,Science,381,6656,404,408,article,W4385298633,189,https://doi.org/10.1126/science.add8424
centola2018tipping,10.1126/science.aas8827,social-hysteresis,experimental-tipping,Experimental evidence for tipping points in social convention,2018,Damon Centola; Joshua Becker; Devon Brackbill; Andrea Baronchelli,Science,360,6393,1116,1119,article,W2805301067,746,https://doi.org/10.1126/science.aas8827
scheffer2009warning,10.1038/nature08227,social-hysteresis,tipping-method,Early-warning signals for critical transitions,2009,Marten Scheffer; Jordi Bascompte; William A. Brock; ﻿Victor Brovkin; Stephen R. Carpenter; Vasilis Dakos; Hermann Held; Egbert H. van Nes; Max Rietkerk; George Sugihara,Nature,461,7260,53,59,article,W2116199452,4870,https://doi.org/10.1038/nature08227
wiedermann2020threshold,10.1038/s41598-020-67102-6,social-hysteresis,tipping-method,A network-based microfoundation of Granovetter’s threshold model for social tipping,2020,Marc Wiedermann; E. Keith Smith; Jobst Heitzig; Jonathan F. Donges,Scientific Reports,10,1,11202,11202,article,W2988274556,54,https://doi.org/10.1038/s41598-020-67102-6
kaminska2025cognitive,10.1016/j.eswa.2025.126851,social-hysteresis,direct-precedent,Impact of cognitive dissonance on social hysteresis: Insights from the expressed and private opinions model,2025,Barbara Kamińska; Katarzyna Sznajd-Weron,Expert Systems with Applications,273,,126851,126851,article,W4407640709,5,https://doi.org/10.1016/j.eswa.2025.126851
cruzcastillo2026spiral,10.1016/j.chaos.2025.117660,social-hysteresis,direct-precedent,Modelling Public Opinion Dynamics: The Spiral of silence in clustered homophilic networks,2026,Juan Guillermo Cruz-Castillo; Emanuele Cozzo,Chaos Solitons & Fractals,203,,117660,117660,article,W4416812493,0,https://doi.org/10.1016/j.chaos.2025.117660
gross2008adaptive,10.1098/rsif.2007.1229,adaptive-networks,review,Adaptive coevolutionary networks: a review,2007,Thilo Gross; Bernd Blasius,Journal of The Royal Society Interface,5,20,259,271,article,W2121239718,861,https://doi.org/10.1098/rsif.2007.1229
holme2006nonequilibrium,10.1103/physreve.74.056108,adaptive-networks,foundational-model,Nonequilibrium phase transition in the coevolution of networks and opinions,2006,Petter Holme; M. E. J. Newman,Physical Review E,74,5,056108,056108,article,W1991442303,640,https://doi.org/10.1103/physreve.74.056108
kozma2008consensus,10.1103/physreve.77.016102,adaptive-networks,foundational-model,Consensus formation on adaptive networks,2008,B. Kozma; Alain Barrat,Physical Review E,77,1,016102,016102,article,W2069033904,276,https://doi.org/10.1103/physreve.77.016102
gil2006coevolution,10.1016/j.physleta.2006.03.037,adaptive-networks,foundational-model,Coevolution of agents and networks: Opinion spreading and community disconnection,2006,Santiago Gil; Damián H. Zanette,Physics Letters A,356,2,89,94,article,W2059848633,109,https://doi.org/10.1016/j.physleta.2006.03.037
vazquez2008adaptive,10.1103/physrevlett.100.108702,adaptive-networks,foundational-model,Generic Absorbing Transition in Coevolution Dynamics,2008,Federico Vázquez; Victor M. Eguı́luz; M. San Miguel,Physical Review Letters,100,10,108702,108702,article,W2023544803,281,https://doi.org/10.1103/physrevlett.100.108702
kan2023adaptive,10.1093/comnet/cnac055,adaptive-networks,bounded-confidence,An adaptive bounded-confidence model of opinion dynamics on networks,2022,Unchitta Kan; Michelle Feng; Mason A. Porter,Journal of Complex Networks,11,1,cnac055,cnac055,article,W4226215676,0,https://doi.org/10.1093/comnet/cnac055
li2025adaptive,10.1137/23m1558951,adaptive-networks,bounded-confidence,Bounded-Confidence Models of Opinion Dynamics with Adaptive Confidence Bounds,2025,Grace J. Li; Jiajie Luo; Mason A. Porter,SIAM Journal on Applied Dynamical Systems,24,2,994,1041,article,W4409303134,11,https://doi.org/10.1137/23m1558951
deffuant2000mixing,10.1142/s0219525900000078,adaptive-networks,foundational-model,Mixing beliefs among interacting agents,2000,Guillaume Deffuant; David B. Neau; Frédéric Amblard; Gérard Weisbuch,Advances in Complex Systems,03,01n04,87,98,article,W2083689991,2197,https://doi.org/10.1142/s0219525900000078
castellano2009statistical,10.1103/revmodphys.81.591,adaptive-networks,review,Statistical physics of social dynamics,2009,Claudio Castellano; Santo Fortunato; Vittorio Loreto,Reviews of Modern Physics,81,2,591,646,article,W2058105398,4201,https://doi.org/10.1103/revmodphys.81.591
dandekar2013assimilation,10.1073/pnas.1217220110,adaptive-networks,polarization-model,"Biased assimilation, homophily, and the dynamics of polarization",2013,Pranav Dandekar; Ashish Goel; David T. Lee,Proceedings of the National Academy of Sciences,110,15,5791,5796,article,W4240828654,442,https://doi.org/10.1073/pnas.1217220110
sasahara2021unfollowing,10.1007/s42001-020-00084-7,adaptive-networks,echo-chamber-mechanism,Social influence and unfollowing accelerate the emergence of echo chambers,2020,Kazutoshi Sasahara; Wen Chen; Hao Peng; Giovanni Luca Ciampaglia; Alessandro Flammini; Filippo Menczer,Journal of Computational Social Science,4,1,381,402,article,W3081047394,172,https://doi.org/10.1007/s42001-020-00084-7
wang2020public,10.1103/physrevx.10.041042,adaptive-networks,echo-chamber-mechanism,Public Discourse and Social Network Echo Chambers Driven by Socio-Cognitive Biases,2020,Xin Wang; Antonio Sirianni; Shaoting Tang; Zhiming Zheng; Feng Fu,Physical Review X,10,4,041042,041042,article,W3109404721,91,https://doi.org/10.1103/physrevx.10.041042
cinelli2021echo,10.1073/pnas.2023301118,adaptive-networks,empirical-network,The echo chamber effect on social media,2021,Matteo Cinelli; Gianmarco De Francisci Morales; Alessandro Galeazzi; Walter Quattrociocchi; Michele Starnini,Proceedings of the National Academy of Sciences,118,9,e2023301118,e2023301118,article,W3133423348,1999,https://doi.org/10.1073/pnas.2023301118
baumann2020echo,10.1103/physrevlett.124.048301,adaptive-networks,polarization-model,Modeling Echo Chambers and Polarization Dynamics in Social Networks,2020,Fabian Baumann; Philipp Lorenz-Spreen; Igor M. Sokolov; Michele Starnini,Physical Review Letters,124,4,048301,048301,article,W2955488027,433,https://doi.org/10.1103/physrevlett.124.048301
baumann2021topics,10.1103/physrevx.11.011012,adaptive-networks,polarization-model,Emergence of Polarized Ideological Opinions in Multidimensional Topic Spaces,2021,Fabian Baumann; Philipp Lorenz-Spreen; Igor M. Sokolov; Michele Starnini,Physical Review X,11,1,011012,011012,article,W3038322369,89,https://doi.org/10.1103/physrevx.11.011012
thurner2025interactions,10.1073/pnas.2517530122,algorithmic-opinion,polarization-mechanism,Why more social interactions lead to more polarization in societies,2025,Stefan Thurner; Markus Hofer; Jan Korbel,Proceedings of the National Academy of Sciences,122,44,e2517530122,e2517530122,article,W4415746933,10,https://doi.org/10.1073/pnas.2517530122
preisach1935magnetic,10.1007/bf01349418,social-hysteresis,classical-operator-foundation,Über die magnetische Nachwirkung,1935,F. Preisach,Zeitschrift für Physik,94,5-6,277,302,article,W2075315063,1960,https://doi.org/10.1007/bf01349418
macki1993mathematical,10.1137/1035005,social-hysteresis,mathematical-model-review,Mathematical Models for Hysteresis,1993,Jack W. Macki; Paolo Nistri; Pietro Zecca,SIAM Review,35,1,94,123,article,W2017941395,498,https://doi.org/10.1137/1035005
hassani2014survey,10.1016/j.ymssp.2014.04.012,social-hysteresis,classical-identification-review,"A survey on hysteresis modeling, identification and control",2014,Vahid Hassani; Tegoeh Tjahjowidodo; Thanh Nho,Mechanical Systems and Signal Processing,49,1-2,209,233,article,W2124852832,519,https://doi.org/10.1016/j.ymssp.2014.04.012
oh2005duhem,10.1109/tac.2005.847035,social-hysteresis,rate-dependent-control-model,Semilinear Duhem model for rate-independent and rate-dependent hysteresis,2005,JinHyoung Oh; Dennis S. Bernstein,IEEE Transactions on Automatic Control,50,5,631,645,article,W2140525274,273,https://doi.org/10.1109/tac.2005.847035
sethna1993hierarchies,10.1103/physrevlett.70.3347,social-hysteresis,return-point-foundation,Hysteresis and hierarchies: Dynamics of disorder-driven first-order phase transformations,1993,James P. Sethna; Karin A. Dahmen; Sivan Kartha; J. A. Krumhansl; Bruce W. Roberts; Joel D. Shore,Physical Review Letters,70,21,3347,3350,article,W1992292445,724,https://doi.org/10.1103/physrevlett.70.3347
mungan2019returnpoint,10.1007/s00023-019-00807-1,social-hysteresis,return-point-theory,The Structure of State Transition Graphs in Systems with Return Point Memory: I. General Theory,2019,Muhittin Mungan; M. Mert Terzi,Annales Henri Poincaré,20,8,2819,2872,article,W2787250898,33,https://doi.org/10.1007/s00023-019-00807-1
krejci2001inverse,10.1049/ip-cta:20010375,social-hysteresis,inverse-control,Inverse control of systems with hysteresis and creep,2001,Pavel Krejčı́; Klaus Kuhnen,IEE Proceedings---Control Theory and Applications,148,3,185,192,article,W2162728015,514,https://doi.org/10.1049/ip-cta:20010375
ikhouane2007systems,10.1002/9780470513200,social-hysteresis,identification-control-monograph,Systems with Hysteresis,2007,Fayçal Ikhouane; José Rodellar,John Wiley & Sons,,,,,book,W2478416728,222,https://doi.org/10.1002/9780470513200
perra2019personalisation,10.1038/s41598-019-43830-2,algorithmic-opinion,direct-precedent,Modelling opinion dynamics in the age of algorithmic personalisation,2019,Nicola Perra; Luis E. C. Rocha,Scientific Reports,9,1,7261,7261,article,W2900227103,129,https://doi.org/10.1038/s41598-019-43830-2
sirbu2019bias,10.1371/journal.pone.0213246,algorithmic-opinion,direct-precedent,Algorithmic bias amplifies opinion fragmentation and polarization: A bounded confidence model,2019,Alina Sîrbu; Dino Pedreschi; Fosca Giannotti; János Kertész,PLoS ONE,14,3,e0213246,e0213246,article,W2790854217,114,https://doi.org/10.1371/journal.pone.0213246
arruda2022algorithms,10.1016/j.ins.2021.12.069,algorithmic-opinion,direct-precedent,Modelling how social network algorithms can influence opinion polarization,2022,Henrique Ferraz de Arruda; Felipe Maciel Cardoso; Guilherme Ferraz de Arruda; Alexis Hernández; Luciano da Fontoura Costa; Yamir Moreno,Information Sciences,588,,265,278,article,W4200585088,69,https://doi.org/10.1016/j.ins.2021.12.069
peralta2020asymmetry,10.1103/physrevresearch.2.043117,algorithmic-opinion,personalization-model,Emergence of polarization in a voter model with personalized information,2020,Giordano De Marzo; Andrea Zaccaria; Claudio Castellano,Physical Review Research,2,4,043117,043117,article,W3042062798,53,https://doi.org/10.1103/physrevresearch.2.043117
valensise2023drivers,10.1016/j.ins.2023.119152,algorithmic-opinion,model-data-comparison,The drivers of online polarization: Fitting models to data,2023,Carlo Michele Valensise; Matteo Cinelli; Walter Quattrociocchi,Information Sciences,642,,119152,119152,article,W4377030807,39,https://doi.org/10.1016/j.ins.2023.119152
donkers2024desounding,10.1016/j.osnem.2023.100275,algorithmic-opinion,simulation,De-sounding echo chambers: Simulation-based analysis of polarization dynamics in social networks,2023,Tim Donkers; Jürgen Ziegler,Online Social Networks and Media,37-38,,100275,100275,article,W4389199332,6,https://doi.org/10.1016/j.osnem.2023.100275
rossi2018closedloop,10.48550/arxiv.1809.04644,algorithmic-opinion,direct-precedent,The closed loop between opinion formation and personalised recommendations,2018,Wilbert Samuel Rossi; Jan Willem Polderman; Paolo Frasca,arXiv preprint arXiv:1809.04644,,,,,preprint,W2890412395,8,http://arxiv.org/abs/1809.04644
gezha2026control,10.3390/e28030333,algorithmic-opinion,direct-precedent,Control over Recommendation Algorithms in Heterogeneous Modular Systems with Dynamic Opinions,2026,Vladislav N. Gezha; Ivan Kozitsin,Entropy,28,3,333,333,article,W7137219528,1,https://doi.org/10.3390/e28030333
oliveira2026interplay,10.1093/pnasnexus/pgaf402,algorithmic-opinion,direct-precedent,Mechanistic interplay between information spreading and opinion polarization,2026,Kleber A. Oliveira; Henrique Ferraz de Arruda; Yamir Moreno,PNAS Nexus,5,1,pgaf402,pgaf402,article,W7117575227,0,https://doi.org/10.1093/pnasnexus/pgaf402
cinus2022people,10.1609/icwsm.v16i1.19275,algorithmic-opinion,link-recommenders,The Effect of People Recommenders on Echo Chambers and Polarization,2022,Federico Cinus; Marco Minici; Corrado Monti; Francesco Bonchi,Proceedings of the International AAAI Conference on Web and Social Media,16,,90,101,conference-paper,W3216636428,65,https://doi.org/10.1609/icwsm.v16i1.19275
chaney2018confounding,10.1145/3240323.3240370,recommender-feedback,direct-precedent,How algorithmic confounding in recommendation systems increases homogeneity and decreases utility,2018,Allison J. B. Chaney; Brandon Stewart; Barbara E. Engelhardt,Proceedings of the 12th ACM Conference on Recommender Systems,,,224,232,conference-paper,W2765564115,325,https://doi.org/10.1145/3240323.3240370
mansoury2020feedback,10.1145/3340531.3412152,recommender-feedback,direct-precedent,Feedback Loop and Bias Amplification in Recommender Systems,2020,Masoud Mansoury; Himan Abdollahpouri; Mykola Pechenizkiy; Bamshad Mobasher; Robin Burke,Proceedings of the 29th ACM International Conference on Information and Knowledge Management,,,2145,2148,conference-paper,W3044938582,21,https://doi.org/10.1145/3340531.3412152
kalimeris2021amplification,10.1145/3447548.3467298,recommender-feedback,direct-precedent,Preference Amplification in Recommender Systems,2021,Dimitris Kalimeris; Smriti Bhagat; Shankar Kalyanaraman; Udi Weinsberg,Proceedings of the 27th ACM SIGKDD Conference on Knowledge Discovery and Data Mining,,,805,815,conference-paper,W3172701938,25,https://doi.org/10.1145/3447548.3467298
zhao2013longterm,10.1088/0256-307x/30/11/118901,recommender-feedback,long-term-dynamics,Long-Term Effects of Recommendation on the Evolution of Online Systems,2013,Dan-Dan Zhao; An Zeng; Mingsheng Shang; Jian Gao,Chinese Physics Letters,30,11,118901,118901,article,W1574325996,21,https://doi.org/10.1088/0256-307x/30/11/118901
su2016network,10.1145/2872427.2883040,recommender-feedback,natural-experiment,The Effect of Recommendations on Network Structure,2016,Jessica Su; Aneesh Sharma; Sharad Goel,Proceedings of the 25th International Conference on World Wide Web,,,1157,1167,conference-paper,W2339299925,80,https://doi.org/10.1145/2872427.2883040
coppolillo2025drift,10.1016/j.ipm.2025.104125,recommender-feedback,algorithmic-drift,Algorithmic Drift: A simulation framework to study the effects of recommender systems on user preferences,2025,Erica Coppolillo; Simone Mungari; Ettore Ritacco; Francesco Fabbri; Marco Minici; Francesco Bonchi; Giuseppe Manco,Information Processing & Management,62,4,104125,104125,article,W4408921326,10,https://doi.org/10.1016/j.ipm.2025.104125
chandrasekaran2026networkaware,10.1109/tac.2025.3616262,algorithmic-opinion,network-aware-feedback-control,Network-Aware Recommender System via Online Feedback Optimization,2026,Sanjay Chandrasekaran; Giulia De Pasquale; Giuseppe Belgioioso; Florian Dörfler,IEEE Transactions on Automatic Control,71,3,1708,1723,article,W7083808182,1,https://doi.org/10.1109/tac.2025.3616262
moller2018diversity,10.1080/1369118x.2018.1444076,recommender-feedback,empirical-comparison,Do not blame it on the algorithm: an empirical assessment of multiple recommender systems and their impact on content diversity,2018,Judith Möller; Damian Trilling; Natali Helberger; Bram van Es,Information Communication & Society,21,7,959,977,article,W2790980374,380,https://doi.org/10.1080/1369118x.2018.1444076
fabbri2022minorities,10.1145/3501247.3531583,recommender-feedback,network-structure,Link recommendations: Their impact on network structure and minorities,2022,Antonio Ferrara; Lisette Espín-Noboa; Fariba Karimi; Claudia Wagner,Proceedings of the 14th ACM Web Science Conference,,,228,238,conference-paper,W4280495998,21,https://doi.org/10.1145/3501247.3531583
frey2010connections,10.1145/1864708.1864772,recommender-feedback,network-structure,The network effects of recommending social connections,2010,Elizabeth Daly; Werner Geyer; David R. Millen,Proceedings of the Fourth ACM Conference on Recommender Systems,,,301,304,conference-paper,W2055194446,56,https://doi.org/10.1145/1864708.1864772
jadidinejad2020exploration,10.1145/3397271.3401230,recommender-feedback,exploration-remedy,Using Exploration to Alleviate Closed Loop Effects in Recommender Systems,2020,Amir H. Jadidinejad; Craig Macdonald; Iadh Ounis,Proceedings of the 43rd International ACM SIGIR Conference on Research and Development in Information Retrieval,,,2025,2028,conference-paper,W3035264853,15,https://doi.org/10.1145/3397271.3401230
krauth2025causal,10.1145/3728372,recommender-feedback,causal-remedy,Breaking Feedback Loops in Recommender Systems with Causal Inference,2025,Karl Krauth; Yixin Wang; Michael I. Jordan,ACM Transactions on Recommender Systems,4,1,1,20,article,W4409963658,4,https://doi.org/10.1145/3728372
sinha2016deconvolving,10.48550/arxiv.1703.01049,recommender-feedback,deconvolution,Deconvolving Feedback Loops in Recommender Systems,2017,Ayan Sinha; David F. Gleich; Karthik Ramani,arXiv preprint arXiv:1703.01049,,,,,preprint,W2552627818,43,http://arxiv.org/abs/1703.01049
jannach2020mcnamara,10.1609/aimag.v41i4.5312,recommender-feedback,evaluation,Escaping the McNamara Fallacy: Toward More Impactful Recommender Systems Research,2020,Dietmar Jannach; Christine Bauer,AI Magazine,41,4,79,95,article,W3122085188,83,https://doi.org/10.1609/aimag.v41i4.5312
ge2020ecommerce,10.1145/3397271.3401431,recommender-feedback,echo-chambers,Understanding Echo Chambers in E-commerce Recommender Systems,2020,Yingqiang Ge; Shuya Zhao; Honglu Zhou; Changhua Pei; Fei Sun; Wenwu Ou; Yongfeng Zhang,Proceedings of the 43rd International ACM SIGIR Conference on Research and Development in Information Retrieval,,,2261,2270,conference-paper,W3038744824,121,https://doi.org/10.1145/3397271.3401431
zoralioglu2026dynamic,10.1007/s10844-026-01025-y,recommender-feedback,long-term-dynamics,"Dynamic feedback loops in recommender systems: Analyzing fairness, popularity bias, and user group disparities",2026,Yildiz Zoralioglu; Emre Yalcin,Journal of Intelligent Information Systems,,,,,article,W7123408177,3,https://doi.org/10.1007/s10844-026-01025-y
huszar2022amplification,10.1073/pnas.2025334119,platform-evidence,platform-experiment,Algorithmic Amplification of Politics on Twitter,2022,Ferenc Huszár; Sofia Ira Ktena; Conor Cruise O'Brien; Luca Belli; Andrew Schlaikjer; Moritz Hardt,Proceedings of the National Academy of Sciences,119,1,e2025334119,e2025334119,article,W4206125442,403,https://doi.org/10.1073/pnas.2025334119
bakshy2015exposure,10.1126/science.aaa1160,platform-evidence,platform-observation,Exposure to ideologically diverse news and opinion on Facebook,2015,Eytan Bakshy; Solomon Messing; Lada A. Adamic,Science,348,6239,1130,1132,article,W1686065478,3254,https://doi.org/10.1126/science.aaa1160
flaxman2016bubbles,10.1093/poq/nfw006,platform-evidence,observational-evidence,"Filter Bubbles, Echo Chambers, and Online News Consumption",2016,Seth Flaxman; Sharad Goel; Justin M. Rao,Public Opinion Quarterly,80,S1,298,320,article,W2303924600,1939,https://doi.org/10.1093/poq/nfw006
bandy2021twitter,10.1177/20563051211041648,platform-evidence,algorithm-audit,Curating Quality? How Twitter’s Timeline Algorithm Treats Different Types of News,2021,Jack Bandy; Nicholas Diakopoulos,Social Media + Society,7,3,20563051211041648,20563051211041648,article,W3198804996,42,https://doi.org/10.1177/20563051211041648
ibrahim2026tiktok,10.1038/s41586-026-10447-1,platform-evidence,algorithm-audit,Systematic partisan content skews in TikTok during the 2024 US elections,2026,Hazem Ibrahim; HyunSeok Daniel Jang; Nouar AlDahoul; Aaron R. Kaufman; Talal Rahwan; Yasir Zaki,Nature,654,8120,1004,1011,article,W7160402440,1,https://doi.org/10.1038/s41586-026-10447-1
hosseinmardi2024youtube,10.1073/pnas.2313377121,platform-evidence,counterfactual-audit,Causally estimating the effect of YouTube’s recommender system using counterfactual bots,2024,Homa Hosseinmardi; Amir Ghasemian; Miguel Rivera-Lanas; Manoel Horta Ribeiro; Robert West; Duncan J. Watts,Proceedings of the National Academy of Sciences,121,8,e2313377121,e2313377121,article,W4391773993,39,https://doi.org/10.1073/pnas.2313377121
cho2020search,10.1080/08838151.2020.1757365,platform-evidence,experiment,Do Search Algorithms Endanger Democracy? An Experimental Investigation of Algorithm Effects on Political Polarization,2020,Jaeho Cho; Saifuddin Ahmed; Martin Hilbert; Billy Liu; Jonathan Luu,Journal of Broadcasting & Electronic Media,64,2,150,172,article,W3018249611,160,https://doi.org/10.1080/08838151.2020.1757365
neumann2023curation,10.1016/j.chbr.2023.100343,platform-evidence,experiment,How algorithmically curated online environments influence users’ political polarization: Results from two experiments with panel data,2023,Ole Kelm; Tim Neumann; Maike Behrendt; Markus Brenneis; Katharina Gerl; Stefan Marschall; Florian Meißner; Stefan Harmeling; Gerhard Vowe; Marc Ziegele,Computers in Human Behavior Reports,12,,100343,100343,article,W4388011871,14,https://doi.org/10.1016/j.chbr.2023.100343
bail2018opposing,10.1073/pnas.1804840115,platform-evidence,experiment,Exposure to opposing views on social media can increase political polarization,2018,Christopher A. Bail; Lisa P. Argyle; Taylor Brown; John P. Bumpus; Haohan Chen; M. B. Fallin Hunzaker; Jaemin Lee; Marcus Mann; Friedolin Merhout; Alexander Volfovsky,Proceedings of the National Academy of Sciences,115,37,9216,9221,article,W2889127731,1854,https://doi.org/10.1073/pnas.1804840115
piccardi2025reranking,10.1126/science.adu5584,platform-evidence,field-experiment,Reranking partisan animosity in algorithmic social media feeds alters affective polarization,2025,Tiziano Piccardi; Martin Saveski; Chenyan Jia; Jeffrey T. Hancock; Jeanne L. Tsai; Michael S. Bernstein,Science,390,6776,eadu5584,eadu5584,article,W4416752539,22,https://doi.org/10.1126/science.adu5584
brady2026norms,10.1038/s41586-026-10536-1,platform-evidence,field-experiment,Redesigning algorithms to intervene on social norm misperceptions during a national election,2026,William J. Brady; Meriel Doyle; Abdo Elnakouri; Eli J. Finkel; Joshua Conrad Jackson; Nour Kteily; Victoria Parker; Curtis Puryear; Trevor Spelman; Jacob Teeny; Mark Torres,Nature,655,8124,942,956,article,W7162567469,2,https://doi.org/10.1038/s41586-026-10536-1
muchnik2013influence,10.1126/science.1240466,platform-evidence,randomized-experiment,Social Influence Bias: A Randomized Experiment,2013,Lev Muchnik; Sinan Aral; Sean J. Taylor,Science,341,6146,647,651,article,W2063248556,861,https://doi.org/10.1126/science.1240466
bond2012mobilization,10.1038/nature11421,platform-evidence,randomized-experiment,A 61-million-person experiment in social influence and political mobilization,2012,Robert M. Bond; Christopher J. Fariss; Jason Jones; Adam Kramer; Cameron Marlow; Jaime E. Settle; James H. Fowler,Nature,489,7415,295,298,article,W2033198212,2628,https://doi.org/10.1038/nature11421
allcott2024deactivation,10.1073/pnas.2321584121,platform-evidence,deactivation-experiment,The effects of Facebook and Instagram on the 2020 election: A deactivation experiment,2024,Hunt Allcott; Matthew Gentzkow; Winter Mason; Arjun Wilkins; Pablo Barberá; Taylor Brown; Juan Carlos Cisneros; Adriana Crespo-Tenorio; Drew Dimmery; Deen Freelon; Sandra González‐Bailón; Andrew M. Guess; Young Mie Kim; David Lazer; Neil Malhotra; Devra Moehler; Sameer Nair-Desai; Houda Nait El Barj; Brendan Nyhan; Ana Carolina Paixao de Queiroz; Jennifer Pan; Jaime E. Settle; Emily Thorson; Rebekah Tromble; Carlos Velasco Rivera; Benjamin Wittenbrink; Magdalena Wojcieszak; Saam Zahedian; Annie Franco; Chad Kiewiet de Jonge; Natalie Jomini Stroud; Joshua A. Tucker,Proceedings of the National Academy of Sciences,121,21,e2321584121,e2321584121,article,W4396852275,88,https://doi.org/10.1073/pnas.2321584121
kubin2021review,10.1080/23808985.2021.1976070,review,evidence-synthesis,The role of (social) media in political polarization: a systematic review,2021,Emily Kubin; Christian von Sikorski,Annals of the International Communication Association,45,3,188,206,review,W3199505005,584,https://doi.org/10.1080/23808985.2021.1976070
vanbavel2021shapes,10.1016/j.tics.2021.07.013,review,evidence-synthesis,How social media shapes polarization,2021,Jay Joseph Van Bavel; Steve Rathje; Elizabeth Harris; Claire Robertson; Anni Sternisko,Trends in Cognitive Sciences,25,11,913,916,article,W3195910376,187,https://doi.org/10.1016/j.tics.2021.07.013
hartmann2025review,10.1007/s42001-025-00381-z,review,echo-chambers,"A systematic review of echo chamber research: comparative analysis of conceptualizations, operationalizations, and varying outcomes",2025,David Hartmann; Sonja Mei Wang; Lena Pohlmann; Bettina Berendt,Journal of Computational Social Science,8,2,52,52,review,W4409203368,50,https://doi.org/10.1007/s42001-025-00381-z
mahmoudi2024review,10.1109/access.2024.3353054,review,echo-chambers,Echo Chambers in Online Social Networks: A Systematic Literature Review,2024,Amin Mahmoudi; Dariusz Jemielniak; Leon Ciechanowski,IEEE Access,12,,9594,9620,review,W4390806175,42,https://doi.org/10.1109/access.2024.3353054
gao2024causal,10.1016/j.xinn.2024.100590,review,causal-recommendation,A survey on causal inference for recommendation,2024,Huishi Luo; Fuzhen Zhuang; Ruobing Xie; Hengshu Zhu; Deqing Wang; Zhulin An; Yongjun Xu,The Innovation,5,2,100590,100590,article,W4391650579,41,https://doi.org/10.1016/j.xinn.2024.100590
ge2024trustworthy,10.1145/3652891,review,recommender-governance,A Survey on Trustworthy Recommender Systems,2024,Yingqiang Ge; Shuchang Liu; Zuohui Fu; Juntao Tan; Zelong Li; Shuyuan Xu; Yunqi Li; Yikun Xian; Yongfeng Zhang,ACM Transactions on Recommender Systems,3,2,1,68,article,W4394785778,71,https://doi.org/10.1145/3652891
aridor2024economics,10.1257/jel.20241743,review,platform-economics,The Economics of Social Media,2024,Guy Aridor; Rafael Jiménez-Durán; Roee Levy; Lena Song,Journal of Economic Literature,62,4,1422,1474,article,W4405075149,65,https://doi.org/10.1257/jel.20241743
noorazar2020survey,10.1140/epjp/s13360-020-00541-2,review,opinion-dynamics,Recent advances in opinion propagation dynamics: a 2020 survey,2020,Hossein Noorazar,The European Physical Journal Plus,135,6,521,521,article,W3015346007,184,https://doi.org/10.1140/epjp/s13360-020-00541-2
hudgens2008interference,10.1198/016214508000000292,causal-design,network-interference,Toward Causal Inference With Interference,2008,Michael G. Hudgens; M. Elizabeth Halloran,Journal of the American Statistical Association,103,482,832,842,article,W2012797835,788,https://doi.org/10.1198/016214508000000292
aronow2017interference,10.1214/16-aoas1005,causal-design,network-interference,"Estimating average causal effects under general interference, with application to a social network experiment",2017,Peter M. Aronow; Cyrus Samii,The Annals of Applied Statistics,11,4,,,article,W2735728227,249,https://doi.org/10.1214/16-aoas1005
liu2026saturation,10.48550/arxiv.2607.04257,causal-design,saturation-randomization,Randomization Tests in Randomized Saturation Designs,2026,Jizhou Liu; Azeem M. Shaikh; Liang Zhong,arXiv preprint arXiv:2607.04257,,,,,preprint,W7167594543,0,https://doi.org/10.48550/arxiv.2607.04257
bojinov2023switchback,10.1287/mnsc.2022.4583,causal-design,switchback-design,Design and Analysis of Switchback Experiments,2023,Iavor Bojinov; David Simchi‐Levi; Jinglong Zhao,Management Science,69,7,3759,3777,article,W4307794299,50,https://doi.org/10.1287/mnsc.2022.4583
wang2024carryover,10.1093/biomtc/ujae023,causal-design,carryover,Behavioral carry-over effect and power consideration in crossover trials,2024,Danni Shi; Ting Ye,Biometrics,80,2,ujae023,ujae023,article,W4393529247,13,https://doi.org/10.1093/biomtc/ujae023
sun2025dynamic,10.1002/sim.70070,causal-design,dynamic-effects,Dynamic Treatment Effect Analysis in Crossover Designs Through Repeated Measures,2025,Jianping Sun; Peiran Guo; Xiaoyang Chen; Xianming Tan,Statistics in Medicine,44,7,e70070,e70070,article,W4409368776,1,https://doi.org/10.1002/sim.70070
wu2021randomization,10.1080/01621459.2020.1750415,causal-design,weak-null-randomization,Randomization Tests for Weak Null Hypotheses in Randomized Experiments,2021,Jason Wu; Peng Ding,Journal of the American Statistical Association,116,536,1898,1913,article,W2990094494,35,https://doi.org/10.1080/01621459.2020.1750415
athey2019forests,10.1214/18-aos1709,causal-design,heterogeneity,Generalized random forests,2019,Susan Athey; Julie Tibshirani; Stefan Wager,The Annals of Statistics,47,2,,,article,W2730059782,16,https://doi.org/10.1214/18-aos1709
